"Date","Price","Open","High","Low","Change %"
"12/31/2018","2.686","2.730","2.745","2.679","-1.12%"
"12/28/2018","2.716","2.768","2.781","2.713","-2.07%"
"12/27/2018","2.774","2.803","2.806","2.733","-1.28%"
"12/26/2018","2.810","2.751","2.815","2.720","2.14%"
"12/25/2018","2.751","2.749","2.751","2.749","0.52%"
"12/24/2018","2.737","2.826","2.826","2.733","-1.86%"
"12/21/2018","2.788","2.801","2.810","2.781","-0.71%"
"12/20/2018","2.808","2.767","2.814","2.748","1.68%"
"12/19/2018","2.762","2.819","2.861","2.750","-2.15%"
"12/18/2018","2.823","2.859","2.861","2.818","-1.20%"
"12/17/2018","2.857","2.895","2.898","2.848","-1.31%"
"12/14/2018","2.895","2.909","2.913","2.870","-0.62%"
"12/13/2018","2.913","2.910","2.918","2.891","0.06%"
"12/12/2018","2.911","2.884","2.917","2.879","1.13%"
"12/11/2018","2.879","2.850","2.890","2.845","0.56%"
"12/10/2018","2.863","2.829","2.868","2.825","0.19%"
"12/07/2018","2.858","2.901","2.921","2.847","-1.19%"
"12/06/2018","2.892","2.917","2.924","2.826","-0.87%"
"12/05/2018","2.917","2.912","2.917","2.912","0.06%"
"12/04/2018","2.915","2.975","2.977","2.885","-1.71%"
"12/03/2018","2.966","3.037","3.050","2.966","-0.91%"
"11/30/2018","2.993","3.026","3.032","2.988","-1.26%"
"11/29/2018","3.032","3.048","3.052","2.997","-0.95%"
"11/28/2018","3.061","3.057","3.075","3.043","0.06%"
"11/27/2018","3.059","3.059","3.074","3.044","0.00%"
"11/26/2018","3.059","3.050","3.079","3.046","0.42%"
"11/23/2018","3.046","3.068","3.076","3.032","-0.60%"
"11/22/2018","3.065","3.065","3.065","3.065","0.00%"
"11/21/2018","3.065","3.065","3.088","3.061","0.12%"
"11/20/2018","3.061","3.063","3.070","3.036","-0.06%"
"11/19/2018","3.063","3.057","3.096","3.052","-0.06%"
"11/16/2018","3.065","3.110","3.123","3.065","-1.47%"
"11/15/2018","3.110","3.123","3.136","3.081","-0.53%"
"11/14/2018","3.127","3.145","3.165","3.092","-0.47%"
"11/13/2018","3.141","3.151","3.176","3.138","-0.29%"
"11/12/2018","3.151","3.186","3.186","3.151","-1.10%"
"11/09/2018","3.186","3.232","3.236","3.180","-1.65%"
"11/08/2018","3.239","3.236","3.243","3.206","0.06%"
"11/07/2018","3.237","3.213","3.250","3.176","0.18%"
"11/06/2018","3.231","3.208","3.231","3.189","0.96%"
"11/05/2018","3.201","3.208","3.212","3.186","-0.59%"
"11/02/2018","3.220","3.140","3.224","3.136","2.73%"
"11/01/2018","3.134","3.155","3.174","3.130","-0.48%"
"10/31/2018","3.149","3.125","3.162","3.123","0.97%"
"10/30/2018","3.119","3.087","3.125","3.083","0.98%"
"10/29/2018","3.089","3.081","3.117","3.059","0.37%"
"10/26/2018","3.077","3.109","3.117","3.057","-1.56%"
"10/25/2018","3.126","3.102","3.145","3.100","0.49%"
"10/24/2018","3.111","3.170","3.170","3.094","-1.90%"
"10/23/2018","3.171","3.192","3.194","3.111","-0.88%"
"10/22/2018","3.200","3.192","3.209","3.177","0.12%"
"10/19/2018","3.196","3.175","3.209","3.169","0.60%"
"10/18/2018","3.177","3.207","3.217","3.160","-0.94%"
"10/17/2018","3.207","3.169","3.207","3.146","1.38%"
"10/16/2018","3.163","3.158","3.178","3.152","0.24%"
"10/15/2018","3.156","3.158","3.165","3.142","-0.36%"
"10/12/2018","3.167","3.154","3.184","3.131","0.67%"
"10/11/2018","3.146","3.163","3.195","3.124","-0.89%"
"10/10/2018","3.174","3.214","3.244","3.165","-1.00%"
"10/09/2018","3.206","3.231","3.261","3.203","-0.76%"
"10/08/2018","3.231","3.237","3.237","3.231","-0.06%"
"10/05/2018","3.233","3.193","3.248","3.187","1.44%"
"10/04/2018","3.187","3.198","3.232","3.176","0.18%"
"10/03/2018","3.181","3.061","3.187","3.050","3.92%"
"10/02/2018","3.061","3.087","3.087","3.046","-0.78%"
"10/01/2018","3.086","3.067","3.095","3.063","0.67%"
"09/28/2018","3.065","3.048","3.065","3.026","0.31%"
"09/27/2018","3.056","3.054","3.074","3.030","0.25%"
"09/26/2018","3.048","3.096","3.098","3.048","-1.62%"
"09/25/2018","3.098","3.089","3.113","3.087","0.30%"
"09/24/2018","3.089","3.098","3.098","3.065","0.73%"
"09/21/2018","3.066","3.065","3.085","3.057","0.07%"
"09/20/2018","3.065","3.066","3.096","3.059","-0.06%"
"09/19/2018","3.066","3.055","3.092","3.044","0.30%"
"09/18/2018","3.057","2.979","3.059","2.977","2.10%"
"09/17/2018","2.994","2.990","3.022","2.985","-0.18%"
"09/14/2018","3.000","2.974","3.003","2.968","0.87%"
"09/13/2018","2.974","2.964","2.983","2.944","0.31%"
"09/12/2018","2.964","2.974","2.976","2.955","-0.55%"
"09/11/2018","2.981","2.935","2.983","2.935","1.56%"
"09/10/2018","2.935","2.944","2.950","2.930","-0.13%"
"09/07/2018","2.939","2.875","2.950","2.871","2.09%"
"09/06/2018","2.878","2.900","2.911","2.871","-0.88%"
"09/05/2018","2.904","2.898","2.917","2.884","0.19%"
"09/04/2018","2.898","2.860","2.906","2.855","1.27%"
"09/03/2018","2.862","2.862","2.862","2.862","0.06%"
"08/31/2018","2.860","2.860","2.868","2.831","0.06%"
"08/30/2018","2.859","2.880","2.888","2.855","-0.94%"
"08/29/2018","2.886","2.878","2.898","2.866","0.06%"
"08/28/2018","2.884","2.851","2.888","2.844","1.34%"
"08/27/2018","2.846","2.821","2.851","2.815","1.16%"
"08/24/2018","2.813","2.824","2.850","2.812","-0.51%"
"08/23/2018","2.828","2.817","2.832","2.812","0.26%"
"08/22/2018","2.821","2.824","2.837","2.808","-0.76%"
"08/21/2018","2.842","2.824","2.853","2.819","0.83%"
"08/20/2018","2.819","2.866","2.869","2.815","-1.57%"
"08/17/2018","2.864","2.868","2.877","2.844","-0.19%"
"08/16/2018","2.870","2.864","2.893","2.857","0.19%"
"08/15/2018","2.864","2.900","2.900","2.837","-1.25%"
"08/14/2018","2.900","2.877","2.902","2.877","0.82%"
"08/13/2018","2.877","2.866","2.889","2.848","0.13%"
"08/10/2018","2.873","2.929","2.931","2.853","-1.92%"
"08/09/2018","2.929","2.959","2.964","2.924","-1.16%"
"08/08/2018","2.964","2.973","2.986","2.958","-0.44%"
"08/07/2018","2.977","2.943","2.979","2.936","1.07%"
"08/06/2018","2.945","2.956","2.962","2.925","-0.19%"
"08/03/2018","2.951","2.993","2.997","2.951","-1.18%"
"08/02/2018","2.986","3.003","3.006","2.975","-0.62%"
"08/01/2018","3.004","2.958","3.016","2.954","1.45%"
"07/31/2018","2.962","2.969","2.977","2.934","-0.44%"
"07/30/2018","2.975","2.962","2.990","2.958","0.57%"
"07/27/2018","2.958","2.976","2.988","2.951","-0.81%"
"07/26/2018","2.982","2.974","2.984","2.947","0.31%"
"07/25/2018","2.973","2.949","2.976","2.928","0.76%"
"07/24/2018","2.950","2.958","2.973","2.945","-0.31%"
"07/23/2018","2.960","2.895","2.967","2.882","2.23%"
"07/20/2018","2.895","2.847","2.899","2.836","2.01%"
"07/19/2018","2.838","2.880","2.897","2.831","-1.28%"
"07/18/2018","2.875","2.864","2.882","2.847","0.51%"
"07/17/2018","2.860","2.860","2.873","2.847","0.13%"
"07/16/2018","2.856","2.823","2.877","2.823","0.97%"
"07/13/2018","2.829","2.856","2.858","2.827","-0.71%"
"07/12/2018","2.849","2.853","2.871","2.845","0.32%"
"07/11/2018","2.840","2.838","2.866","2.825","-0.96%"
"07/10/2018","2.867","2.862","2.875","2.851","0.32%"
"07/09/2018","2.858","2.829","2.862","2.829","1.23%"
"07/06/2018","2.824","2.831","2.849","2.807","-0.32%"
"07/05/2018","2.833","2.842","2.866","2.820","-0.32%"
"07/04/2018","2.842","2.842","2.842","2.842","0.32%"
"07/03/2018","2.833","2.869","2.884","2.831","-1.34%"
"07/02/2018","2.871","2.858","2.873","2.824","0.38%"
"06/29/2018","2.860","2.844","2.868","2.833","0.70%"
"06/28/2018","2.840","2.833","2.853","2.822","0.45%"
"06/27/2018","2.827","2.884","2.886","2.826","-1.71%"
"06/26/2018","2.877","2.882","2.900","2.866","-0.19%"
"06/25/2018","2.882","2.893","2.897","2.866","-0.44%"
"06/22/2018","2.895","2.904","2.928","2.893","-0.13%"
"06/21/2018","2.899","2.937","2.950","2.891","-1.31%"
"06/20/2018","2.937","2.895","2.941","2.882","1.39%"
"06/19/2018","2.897","2.897","2.904","2.853","-0.69%"
"06/18/2018","2.917","2.922","2.933","2.900","-0.18%"
"06/15/2018","2.922","2.937","2.937","2.889","-0.44%"
"06/14/2018","2.935","2.970","2.976","2.928","-1.30%"
"06/13/2018","2.974","2.961","3.010","2.950","0.31%"
"06/12/2018","2.964","2.957","2.981","2.944","0.44%"
"06/11/2018","2.952","2.952","2.970","2.950","0.13%"
"06/08/2018","2.948","2.941","2.950","2.889","0.88%"
"06/07/2018","2.922","2.977","2.994","2.884","-1.73%"
"06/06/2018","2.974","2.928","2.981","2.926","1.63%"
"06/05/2018","2.926","2.939","2.942","2.900","-0.62%"
"06/04/2018","2.944","2.908","2.946","2.902","1.45%"
"06/01/2018","2.902","2.862","2.926","2.860","1.46%"
"05/31/2018","2.860","2.846","2.886","2.822","0.13%"
"05/30/2018","2.857","2.763","2.888","2.763","2.40%"
"05/29/2018","2.790","2.900","2.908","2.759","-3.75%"
"05/28/2018","2.898","2.931","2.931","2.895","-1.12%"
"05/25/2018","2.931","2.975","2.997","2.922","-1.54%"
"05/24/2018","2.977","3.001","3.014","2.955","-0.55%"
"05/23/2018","2.993","3.058","3.065","2.990","-2.28%"
"05/22/2018","3.063","3.058","3.080","3.050","0.18%"
"05/21/2018","3.058","3.080","3.084","3.054","-0.06%"
"05/18/2018","3.060","3.119","3.128","3.058","-1.78%"
"05/17/2018","3.115","3.098","3.122","3.087","0.36%"
"05/16/2018","3.104","3.070","3.104","3.058","1.03%"
"05/15/2018","3.072","3.004","3.095","2.997","2.33%"
"05/14/2018","3.002","2.975","3.004","2.959","1.11%"
"05/11/2018","2.970","2.966","2.982","2.948","0.19%"
"05/10/2018","2.964","2.995","2.995","2.948","-1.40%"
"05/09/2018","3.006","2.976","3.014","2.976","1.14%"
"05/08/2018","2.972","2.952","2.987","2.944","0.70%"
"05/07/2018","2.952","2.951","2.961","2.937","0.00%"
"05/04/2018","2.951","2.950","2.965","2.911","0.13%"
"05/03/2018","2.948","2.970","2.978","2.927","-0.94%"
"05/02/2018","2.976","2.968","2.996","2.957","0.25%"
"05/01/2018","2.968","2.959","2.979","2.949","0.44%"
"04/30/2018","2.955","2.966","2.972","2.934","-0.13%"
"04/27/2018","2.959","2.987","2.988","2.955","-0.81%"
"04/26/2018","2.983","3.024","3.033","2.981","-1.61%"
"04/25/2018","3.032","2.994","3.035","2.990","1.07%"
"04/24/2018","3.000","2.975","3.003","2.957","0.76%"
"04/23/2018","2.977","2.968","2.998","2.962","0.57%"
"04/20/2018","2.960","2.917","2.962","2.904","1.60%"
"04/19/2018","2.914","2.875","2.934","2.862","1.35%"
"04/18/2018","2.875","2.829","2.876","2.823","1.56%"
"04/17/2018","2.830","2.832","2.849","2.814","0.07%"
"04/16/2018","2.829","2.841","2.865","2.825","0.13%"
"04/13/2018","2.825","2.827","2.849","2.816","-0.64%"
"04/12/2018","2.843","2.783","2.843","2.772","2.31%"
"04/11/2018","2.779","2.803","2.805","2.755","-0.78%"
"04/10/2018","2.801","2.783","2.812","2.779","0.72%"
"04/09/2018","2.781","2.786","2.814","2.772","0.20%"
"04/06/2018","2.775","2.817","2.830","2.768","-2.06%"
"04/05/2018","2.834","2.808","2.838","2.805","0.91%"
"04/04/2018","2.808","2.773","2.810","2.748","0.99%"
"04/03/2018","2.781","2.737","2.790","2.735","1.73%"
"04/02/2018","2.733","2.759","2.773","2.717","-0.27%"
"03/29/2018","2.741","2.784","2.792","2.739","-1.50%"
"03/28/2018","2.783","2.781","2.790","2.743","0.26%"
"03/27/2018","2.775","2.854","2.859","2.770","-2.69%"
"03/26/2018","2.852","2.819","2.856","2.815","1.37%"
"03/23/2018","2.813","2.806","2.852","2.792","-0.32%"
"03/22/2018","2.823","2.881","2.889","2.799","-2.03%"
"03/21/2018","2.881","2.890","2.936","2.870","-0.63%"
"03/20/2018","2.900","2.855","2.901","2.852","1.54%"
"03/19/2018","2.855","2.857","2.879","2.833","0.39%"
"03/16/2018","2.845","2.830","2.859","2.810","0.65%"
"03/15/2018","2.826","2.819","2.835","2.797","0.26%"
"03/14/2018","2.819","2.841","2.857","2.801","-0.90%"
"03/13/2018","2.844","2.872","2.883","2.830","-0.76%"
"03/12/2018","2.866","2.905","2.910","2.863","-1.01%"
"03/09/2018","2.896","2.872","2.914","2.868","1.35%"
"03/08/2018","2.857","2.885","2.892","2.848","-0.82%"
"03/07/2018","2.881","2.848","2.888","2.842","-0.19%"
"03/06/2018","2.886","2.880","2.906","2.857","0.13%"
"03/05/2018","2.883","2.850","2.897","2.810","0.51%"
"03/02/2018","2.868","2.819","2.870","2.793","2.01%"
"03/01/2018","2.811","2.866","2.875","2.795","-1.84%"
"02/28/2018","2.864","2.901","2.912","2.862","-1.26%"
"02/27/2018","2.901","2.861","2.925","2.850","1.27%"
"02/26/2018","2.864","2.875","2.875","2.831","-0.06%"
"02/23/2018","2.866","2.926","2.937","2.861","-1.81%"
"02/22/2018","2.919","2.946","2.948","2.904","-1.12%"
"02/21/2018","2.952","2.891","2.957","2.877","2.09%"
"02/20/2018","2.891","2.891","2.928","2.884","0.07%"
"02/19/2018","2.889","2.888","2.891","2.888","0.57%"
"02/16/2018","2.873","2.909","2.911","2.849","-1.13%"
"02/15/2018","2.906","2.909","2.944","2.882","-0.25%"
"02/14/2018","2.913","2.833","2.920","2.808","2.83%"
"02/13/2018","2.833","2.855","2.862","2.822","-0.89%"
"02/12/2018","2.859","2.902","2.902","2.828","0.07%"
"02/09/2018","2.857","2.829","2.864","2.786","1.03%"
"02/08/2018","2.828","2.809","2.884","2.808","-0.23%"
"02/07/2018","2.834","2.803","2.861","2.758","1.02%"
"02/06/2018","2.805","2.730","2.807","2.648","3.55%"
"02/05/2018","2.709","2.847","2.885","2.698","-4.64%"
"02/02/2018","2.841","2.790","2.854","2.783","2.12%"
"02/01/2018","2.782","2.724","2.793","2.720","2.57%"
"01/31/2018","2.713","2.720","2.754","2.696","-0.41%"
"01/30/2018","2.724","2.703","2.733","2.681","0.90%"
"01/29/2018","2.699","2.658","2.727","2.654","1.48%"
"01/26/2018","2.660","2.622","2.673","2.621","1.35%"
"01/25/2018","2.624","2.650","2.676","2.615","-0.91%"
"01/24/2018","2.648","2.611","2.665","2.609","1.21%"
"01/23/2018","2.617","2.656","2.659","2.611","-1.46%"
"01/22/2018","2.656","2.661","2.672","2.632","-0.21%"
"01/19/2018","2.661","2.624","2.663","2.613","1.43%"
"01/18/2018","2.624","2.590","2.627","2.585","1.43%"
"01/17/2018","2.587","2.533","2.592","2.532","1.88%"
"01/16/2018","2.539","2.553","2.563","2.522","-0.50%"
"01/15/2018","2.552","2.550","2.552","2.550","0.07%"
"01/12/2018","2.550","2.549","2.594","2.542","0.52%"
"01/11/2018","2.537","2.553","2.570","2.526","-0.86%"
"01/10/2018","2.559","2.551","2.597","2.544","0.29%"
"01/09/2018","2.551","2.482","2.555","2.480","2.87%"
"01/08/2018","2.480","2.480","2.489","2.462","0.15%"
"01/05/2018","2.476","2.458","2.480","2.433","0.97%"
"01/04/2018","2.453","2.458","2.487","2.449","0.30%"
"01/03/2018","2.445","2.465","2.472","2.440","-0.66%"
"01/02/2018","2.461","2.429","2.481","2.416","2.33%"
"01/01/2018","2.405","2.405","2.405","2.405","0.00%"
"12/29/2017","2.405","2.434","2.441","2.405","-1.18%"
"12/28/2017","2.434","2.421","2.441","2.420","0.90%"
"12/27/2017","2.412","2.477","2.479","2.407","-2.48%"
"12/26/2017","2.474","2.492","2.497","2.459","-0.73%"
"12/25/2017","2.492","2.488","2.496","2.488","0.29%"
"12/22/2017","2.485","2.484","2.492","2.477","0.00%"
"12/21/2017","2.484","2.493","2.504","2.479","-0.50%"
"12/20/2017","2.497","2.457","2.503","2.446","1.55%"
"12/19/2017","2.459","2.398","2.472","2.389","2.71%"
"12/18/2017","2.394","2.369","2.398","2.364","1.83%"
"12/16/2017","2.351","2.351","2.351","2.351","0.00%"
"12/15/2017","2.351","2.353","2.380","2.346","0.08%"
"12/14/2017","2.349","2.353","2.389","2.344","0.08%"
"12/13/2017","2.348","2.399","2.426","2.344","-2.31%"
"12/12/2017","2.403","2.388","2.421","2.376","0.53%"
"12/11/2017","2.390","2.383","2.390","2.353","0.53%"
"12/08/2017","2.378","2.374","2.392","2.362","0.69%"
"12/07/2017","2.362","2.340","2.376","2.322","0.91%"
"12/06/2017","2.340","2.356","2.363","2.314","-0.53%"
"12/05/2017","2.353","2.378","2.395","2.353","-0.83%"
"12/04/2017","2.372","2.421","2.421","2.371","0.38%"
"12/01/2017","2.363","2.411","2.424","2.315","-2.14%"
"11/30/2017","2.415","2.386","2.437","2.379","1.12%"
"11/29/2017","2.388","2.331","2.395","2.321","2.68%"
"11/28/2017","2.326","2.331","2.342","2.310","-0.23%"
"11/27/2017","2.331","2.342","2.354","2.324","-0.38%"
"11/24/2017","2.340","2.326","2.352","2.324","0.61%"
"11/23/2017","2.326","2.326","2.328","2.324","0.23%"
"11/22/2017","2.320","2.352","2.375","2.319","-1.58%"
"11/21/2017","2.358","2.359","2.374","2.335","-0.45%"
"11/20/2017","2.368","2.340","2.372","2.324","0.98%"
"11/17/2017","2.345","2.374","2.377","2.336","-1.27%"
"11/16/2017","2.375","2.324","2.379","2.322","2.13%"
"11/15/2017","2.326","2.374","2.375","2.319","-2.09%"
"11/14/2017","2.375","2.402","2.414","2.372","-1.33%"
"11/13/2017","2.407","2.400","2.411","2.370","0.22%"
"11/10/2017","2.402","2.340","2.405","2.336","2.66%"
"11/09/2017","2.340","2.326","2.345","2.315","0.24%"
"11/08/2017","2.334","2.304","2.336","2.304","0.78%"
"11/07/2017","2.316","2.320","2.340","2.304","-0.08%"
"11/06/2017","2.318","2.345","2.354","2.315","-0.62%"
"11/03/2017","2.332","2.349","2.361","2.323","-0.69%"
"11/02/2017","2.349","2.370","2.379","2.336","-0.99%"
"11/01/2017","2.372","2.379","2.401","2.349","-0.23%"
"10/31/2017","2.378","2.363","2.385","2.358","0.30%"
"10/30/2017","2.370","2.403","2.414","2.367","-1.87%"
"10/27/2017","2.415","2.455","2.477","2.408","-1.92%"
"10/26/2017","2.463","2.428","2.463","2.408","1.13%"
"10/25/2017","2.435","2.417","2.475","2.414","0.60%"
"10/24/2017","2.421","2.368","2.428","2.365","2.14%"
"10/23/2017","2.370","2.394","2.397","2.363","-0.53%"
"10/20/2017","2.383","2.318","2.392","2.316","2.80%"
"10/19/2017","2.318","2.343","2.346","2.298","-1.15%"
"10/18/2017","2.345","2.302","2.352","2.298","1.87%"
"10/17/2017","2.302","2.302","2.329","2.296","-0.16%"
"10/16/2017","2.305","2.289","2.312","2.278","1.34%"
"10/13/2017","2.275","2.325","2.334","2.273","-2.00%"
"10/12/2017","2.321","2.346","2.348","2.318","-1.37%"
"10/11/2017","2.353","2.357","2.366","2.332","-0.08%"
"10/10/2017","2.355","2.362","2.372","2.319","-0.23%"
"10/09/2017","2.361","2.361","2.364","2.361","0.00%"
"10/06/2017","2.361","2.350","2.402","2.348","0.54%"
"10/05/2017","2.348","2.332","2.359","2.319","1.08%"
"10/04/2017","2.323","2.328","2.348","2.300","-0.08%"
"10/03/2017","2.325","2.343","2.364","2.321","-0.69%"
"10/02/2017","2.341","2.344","2.371","2.318","0.08%"
"09/29/2017","2.339","2.314","2.341","2.296","1.32%"
"09/28/2017","2.309","2.307","2.359","2.301","-0.08%"
"09/27/2017","2.310","2.239","2.316","2.237","3.34%"
"09/26/2017","2.236","2.222","2.248","2.214","0.63%"
"09/25/2017","2.222","2.260","2.262","2.214","-1.41%"
"09/22/2017","2.253","2.275","2.276","2.239","-1.09%"
"09/21/2017","2.278","2.278","2.282","2.245","0.23%"
"09/20/2017","2.273","2.241","2.289","2.222","1.18%"
"09/19/2017","2.246","2.227","2.246","2.213","0.55%"
"09/18/2017","2.234","2.207","2.237","2.207","1.44%"
"09/15/2017","2.202","2.178","2.213","2.176","0.72%"
"09/14/2017","2.187","2.187","2.225","2.183","-0.32%"
"09/13/2017","2.194","2.165","2.201","2.153","1.21%"
"09/12/2017","2.167","2.127","2.180","2.125","1.56%"
"09/11/2017","2.134","2.089","2.138","2.084","3.89%"
"09/08/2017","2.054","2.044","2.075","2.016","0.58%"
"09/07/2017","2.042","2.101","2.101","2.034","-3.05%"
"09/06/2017","2.106","2.060","2.110","2.054","2.10%"
"09/05/2017","2.063","2.134","2.148","2.061","-4.74%"
"09/03/2017","2.166","2.166","2.166","2.166","0.00%"
"09/01/2017","2.166","2.127","2.169","2.099","2.13%"
"08/31/2017","2.121","2.143","2.154","2.119","-0.73%"
"08/30/2017","2.136","2.135","2.155","2.131","0.33%"
"08/29/2017","2.129","2.128","2.143","2.086","-1.38%"
"08/28/2017","2.159","2.176","2.180","2.155","-0.48%"
"08/25/2017","2.169","2.194","2.203","2.162","-1.19%"
"08/24/2017","2.196","2.175","2.197","2.173","1.21%"
"08/23/2017","2.169","2.218","2.224","2.166","-2.13%"
"08/22/2017","2.217","2.189","2.220","2.187","1.52%"
"08/21/2017","2.183","2.208","2.208","2.177","-0.64%"
"08/18/2017","2.197","2.194","2.211","2.162","0.55%"
"08/17/2017","2.185","2.229","2.247","2.182","-1.81%"
"08/16/2017","2.226","2.269","2.285","2.220","-2.08%"
"08/15/2017","2.273","2.227","2.283","2.226","2.21%"
"08/14/2017","2.224","2.197","2.229","2.197","1.52%"
"08/11/2017","2.191","2.201","2.222","2.182","-0.48%"
"08/10/2017","2.201","2.250","2.255","2.197","-2.15%"
"08/09/2017","2.249","2.253","2.258","2.212","-0.55%"
"08/08/2017","2.262","2.257","2.290","2.253","0.23%"
"08/07/2017","2.257","2.271","2.283","2.253","-0.31%"
"08/04/2017","2.264","2.225","2.290","2.219","2.00%"
"08/03/2017","2.219","2.267","2.269","2.218","-2.27%"
"08/02/2017","2.271","2.259","2.283","2.243","0.79%"
"08/01/2017","2.253","2.303","2.321","2.251","-1.86%"
"07/31/2017","2.296","2.282","2.305","2.273","0.24%"
"07/28/2017","2.291","2.303","2.337","2.287","-1.24%"
"07/27/2017","2.319","2.284","2.328","2.275","1.17%"
"07/26/2017","2.293","2.335","2.337","2.278","-1.69%"
"07/25/2017","2.332","2.259","2.337","2.248","3.31%"
"07/24/2017","2.257","2.230","2.261","2.229","0.87%"
"07/21/2017","2.237","2.266","2.270","2.225","-0.87%"
"07/20/2017","2.257","2.268","2.275","2.238","-0.63%"
"07/19/2017","2.271","2.268","2.282","2.255","0.47%"
"07/18/2017","2.261","2.312","2.316","2.257","-2.31%"
"07/17/2017","2.314","2.328","2.335","2.300","-0.76%"
"07/14/2017","2.332","2.352","2.357","2.279","-0.69%"
"07/13/2017","2.348","2.321","2.366","2.305","1.23%"
"07/12/2017","2.319","2.359","2.359","2.302","-1.74%"
"07/11/2017","2.361","2.380","2.395","2.355","-0.53%"
"07/10/2017","2.373","2.387","2.393","2.362","-0.53%"
"07/07/2017","2.386","2.371","2.398","2.362","0.76%"
"07/06/2017","2.368","2.332","2.391","2.320","1.76%"
"07/05/2017","2.327","2.336","2.357","2.321","-0.30%"
"07/04/2017","2.334","2.337","2.337","2.334","-0.61%"
"07/03/2017","2.348","2.314","2.353","2.289","1.93%"
"07/01/2017","2.304","2.304","2.304","2.304","0.00%"
"06/30/2017","2.304","2.268","2.309","2.261","1.64%"
"06/29/2017","2.267","2.226","2.297","2.221","1.82%"
"06/28/2017","2.226","2.200","2.258","2.195","1.03%"
"06/27/2017","2.203","2.142","2.216","2.126","3.19%"
"06/26/2017","2.135","2.144","2.161","2.121","-0.41%"
"06/23/2017","2.144","2.151","2.167","2.142","-0.17%"
"06/22/2017","2.148","2.162","2.167","2.139","-0.80%"
"06/21/2017","2.165","2.164","2.177","2.144","0.40%"
"06/20/2017","2.157","2.195","2.197","2.151","-1.59%"
"06/19/2017","2.191","2.158","2.193","2.139","1.78%"
"06/16/2017","2.153","2.167","2.179","2.144","-0.49%"
"06/15/2017","2.164","2.125","2.172","2.125","1.71%"
"06/14/2017","2.127","2.211","2.211","2.103","-3.78%"
"06/13/2017","2.211","2.218","2.227","2.200","-0.16%"
"06/12/2017","2.214","2.213","2.223","2.187","0.55%"
"06/09/2017","2.202","2.174","2.228","2.166","0.47%"
"06/08/2017","2.192","2.185","2.215","2.178","0.72%"
"06/07/2017","2.176","2.154","2.183","2.145","1.45%"
"06/06/2017","2.145","2.180","2.180","2.129","-1.75%"
"06/05/2017","2.183","2.161","2.189","2.154","1.13%"
"06/02/2017","2.159","2.217","2.224","2.144","-2.44%"
"06/01/2017","2.213","2.213","2.239","2.208","0.31%"
"05/31/2017","2.206","2.220","2.232","2.196","-0.08%"
"05/30/2017","2.208","2.245","2.248","2.208","-1.56%"
"05/29/2017","2.243","2.243","2.247","2.241","-0.31%"
"05/26/2017","2.250","2.255","2.255","2.231","-0.24%"
"05/25/2017","2.255","2.257","2.269","2.243","0.16%"
"05/24/2017","2.252","2.283","2.297","2.248","-1.31%"
"05/23/2017","2.282","2.234","2.290","2.226","1.32%"
"05/22/2017","2.252","2.245","2.256","2.238","0.78%"
"05/19/2017","2.235","2.231","2.261","2.224","0.31%"
"05/18/2017","2.228","2.236","2.250","2.181","0.23%"
"05/17/2017","2.223","2.298","2.306","2.212","-4.44%"
"05/16/2017","2.326","2.340","2.361","2.306","-0.75%"
"05/15/2017","2.343","2.326","2.352","2.320","0.76%"
"05/12/2017","2.326","2.389","2.393","2.322","-2.80%"
"05/11/2017","2.393","2.400","2.423","2.389","-0.74%"
"05/10/2017","2.411","2.390","2.416","2.369","0.53%"
"05/09/2017","2.398","2.389","2.416","2.378","0.38%"
"05/08/2017","2.389","2.361","2.390","2.327","1.62%"
"05/05/2017","2.351","2.343","2.381","2.338","-0.08%"
"05/04/2017","2.352","2.325","2.368","2.325","1.32%"
"05/03/2017","2.322","2.293","2.327","2.279","1.50%"
"05/02/2017","2.287","2.320","2.340","2.282","-1.47%"
"05/01/2017","2.322","2.282","2.338","2.280","1.42%"
"04/28/2017","2.289","2.295","2.338","2.279","-0.47%"
"04/27/2017","2.300","2.313","2.322","2.282","-0.16%"
"04/26/2017","2.303","2.334","2.350","2.302","-1.31%"
"04/25/2017","2.334","2.270","2.343","2.270","2.68%"
"04/24/2017","2.273","2.314","2.325","2.266","1.19%"
"04/22/2017","2.246","2.246","2.246","2.246","0.00%"
"04/21/2017","2.246","2.243","2.250","2.209","0.48%"
"04/20/2017","2.236","2.207","2.257","2.198","0.88%"
"04/19/2017","2.216","2.182","2.225","2.175","2.04%"
"04/18/2017","2.172","2.255","2.259","2.165","-3.39%"
"04/17/2017","2.248","2.200","2.260","2.198","0.72%"
"04/13/2017","2.232","2.248","2.271","2.218","-0.56%"
"04/12/2017","2.244","2.300","2.310","2.239","-2.33%"
"04/11/2017","2.298","2.353","2.357","2.293","-2.88%"
"04/10/2017","2.366","2.384","2.395","2.346","-0.68%"
"04/07/2017","2.382","2.348","2.386","2.269","1.77%"
"04/06/2017","2.341","2.332","2.368","2.326","0.08%"
"04/05/2017","2.339","2.361","2.384","2.325","-1.06%"
"04/04/2017","2.364","2.326","2.364","2.314","1.77%"
"04/03/2017","2.323","2.396","2.405","2.321","-2.77%"
"03/31/2017","2.389","2.414","2.431","2.387","-1.33%"
"03/30/2017","2.421","2.385","2.425","2.373","1.74%"
"03/29/2017","2.380","2.425","2.427","2.378","-1.63%"
"03/28/2017","2.420","2.382","2.421","2.357","1.74%"
"03/27/2017","2.378","2.382","2.384","2.348","-1.63%"
"03/24/2017","2.418","2.418","2.438","2.393","0.00%"
"03/23/2017","2.418","2.409","2.437","2.387","0.60%"
"03/22/2017","2.403","2.414","2.425","2.375","-0.52%"
"03/21/2017","2.416","2.466","2.499","2.416","-1.90%"
"03/20/2017","2.463","2.508","2.513","2.463","-1.52%"
"03/18/2017","2.500","2.500","2.500","2.500","0.00%"
"03/17/2017","2.500","2.544","2.544","2.490","-1.42%"
"03/16/2017","2.537","2.497","2.542","2.486","1.45%"
"03/15/2017","2.500","2.598","2.600","2.495","-3.91%"
"03/14/2017","2.602","2.620","2.629","2.588","-0.90%"
"03/13/2017","2.626","2.584","2.628","2.558","1.99%"
"03/10/2017","2.575","2.613","2.624","2.575","-1.32%"
"03/09/2017","2.609","2.560","2.609","2.558","1.93%"
"03/08/2017","2.560","2.520","2.583","2.507","1.66%"
"03/07/2017","2.518","2.494","2.520","2.491","0.95%"
"03/06/2017","2.494","2.474","2.507","2.457","0.51%"
"03/03/2017","2.482","2.483","2.521","2.471","0.00%"
"03/02/2017","2.481","2.467","2.505","2.453","0.96%"
"03/01/2017","2.458","2.415","2.471","2.397","2.54%"
"02/28/2017","2.397","2.363","2.401","2.336","1.28%"
"02/27/2017","2.367","2.324","2.370","2.317","2.22%"
"02/24/2017","2.315","2.377","2.384","2.310","-2.54%"
"02/23/2017","2.375","2.417","2.420","2.372","-1.62%"
"02/22/2017","2.415","2.438","2.454","2.391","-0.66%"
"02/21/2017","2.431","2.436","2.461","2.413","-0.22%"
"02/20/2017","2.436","2.420","2.438","2.420","0.67%"
"02/17/2017","2.420","2.457","2.465","2.400","-1.09%"
"02/16/2017","2.447","2.499","2.499","2.438","-2.01%"
"02/15/2017","2.497","2.479","2.524","2.466","1.02%"
"02/14/2017","2.472","2.436","2.502","2.427","1.47%"
"02/13/2017","2.436","2.423","2.452","2.416","1.11%"
"02/10/2017","2.409","2.400","2.434","2.397","0.52%"
"02/09/2017","2.397","2.329","2.402","2.326","2.42%"
"02/08/2017","2.340","2.397","2.402","2.325","-2.37%"
"02/07/2017","2.397","2.409","2.441","2.367","-0.84%"
"02/06/2017","2.417","2.472","2.472","2.406","-2.01%"
"02/03/2017","2.467","2.477","2.506","2.428","-0.29%"
"02/02/2017","2.474","2.477","2.481","2.433","-0.15%"
"02/01/2017","2.477","2.461","2.518","2.459","0.46%"
"01/31/2017","2.466","2.484","2.499","2.433","-0.96%"
"01/30/2017","2.490","2.479","2.499","2.462","0.15%"
"01/27/2017","2.486","2.510","2.531","2.481","-1.02%"
"01/26/2017","2.512","2.510","2.555","2.500","-0.14%"
"01/25/2017","2.515","2.458","2.538","2.449","2.03%"
"01/24/2017","2.465","2.406","2.473","2.388","2.69%"
"01/23/2017","2.401","2.441","2.476","2.381","-2.68%"
"01/20/2017","2.467","2.474","2.513","2.450","-0.14%"
"01/19/2017","2.470","2.428","2.496","2.413","1.75%"
"01/18/2017","2.428","2.333","2.433","2.329","4.40%"
"01/17/2017","2.325","2.376","2.376","2.305","-2.22%"
"01/16/2017","2.378","2.398","2.398","2.374","-0.84%"
"01/13/2017","2.398","2.363","2.431","2.334","1.56%"
"01/12/2017","2.361","2.361","2.365","2.307","-0.38%"
"01/11/2017","2.370","2.381","2.398","2.329","-0.30%"
"01/10/2017","2.378","2.370","2.394","2.361","0.39%"
"01/09/2017","2.368","2.443","2.443","2.363","-2.18%"
"01/06/2017","2.421","2.350","2.425","2.334","3.12%"
"01/05/2017","2.348","2.435","2.452","2.344","-3.81%"
"01/04/2017","2.441","2.454","2.478","2.432","-0.29%"
"01/03/2017","2.448","2.439","2.518","2.437","0.08%"
"01/02/2017","2.446","2.446","2.446","2.446","0.00%"
"12/30/2016","2.446","2.477","2.488","2.431","-1.24%"
"12/29/2016","2.477","2.512","2.512","2.460","-1.39%"
"12/28/2016","2.512","2.565","2.567","2.503","-1.94%"
"12/27/2016","2.561","2.554","2.576","2.547","0.73%"
"12/26/2016","2.543","2.543","2.543","2.543","0.00%"
"12/23/2016","2.543","2.556","2.558","2.526","-0.41%"
"12/22/2016","2.553","2.535","2.577","2.527","0.59%"
"12/21/2016","2.538","2.566","2.577","2.537","-0.86%"
"12/20/2016","2.560","2.540","2.590","2.538","0.66%"
"12/19/2016","2.544","2.582","2.595","2.529","-2.13%"
"12/16/2016","2.599","2.600","2.619","2.553","-0.27%"
"12/15/2016","2.606","2.580","2.641","2.565","1.52%"
"12/14/2016","2.567","2.471","2.586","2.422","3.79%"
"12/13/2016","2.473","2.468","2.495","2.438","-0.14%"
"12/12/2016","2.477","2.489","2.528","2.466","0.45%"
"12/09/2016","2.466","2.412","2.478","2.397","2.35%"
"12/08/2016","2.409","2.345","2.427","2.340","2.78%"
"12/07/2016","2.344","2.396","2.401","2.342","-2.04%"
"12/06/2016","2.392","2.398","2.403","2.374","-0.37%"
"12/05/2016","2.401","2.363","2.448","2.340","0.38%"
"12/02/2016","2.392","2.437","2.448","2.374","-2.50%"
"12/01/2016","2.454","2.397","2.492","2.377","2.66%"
"11/30/2016","2.390","2.295","2.410","2.291","4.24%"
"11/29/2016","2.293","2.312","2.350","2.291","-0.85%"
"11/28/2016","2.312","2.339","2.352","2.311","-1.98%"
"11/25/2016","2.359","2.382","2.413","2.350","-0.97%"
"11/24/2016","2.382","2.382","2.386","2.382","1.15%"
"11/23/2016","2.355","2.312","2.417","2.292","1.79%"
"11/22/2016","2.314","2.303","2.337","2.287","0.00%"
"11/21/2016","2.314","2.353","2.357","2.303","-1.45%"
"11/18/2016","2.348","2.322","2.364","2.267","2.19%"
"11/17/2016","2.297","2.205","2.306","2.187","3.78%"
"11/16/2016","2.214","2.226","2.297","2.205","-0.71%"
"11/15/2016","2.230","2.251","2.251","2.182","-1.10%"
"11/14/2016","2.254","2.171","2.302","2.168","5.45%"
"11/10/2016","2.138","2.042","2.154","1.991","3.37%"
"11/09/2016","2.068","1.858","2.092","1.716","11.29%"
"11/08/2016","1.858","1.826","1.876","1.807","1.66%"
"11/07/2016","1.828","1.831","1.833","1.808","2.81%"
"11/04/2016","1.778","1.806","1.822","1.769","-1.75%"
"11/03/2016","1.810","1.804","1.833","1.776","0.49%"
"11/02/2016","1.801","1.829","1.829","1.774","-1.46%"
"11/01/2016","1.827","1.838","1.879","1.811","0.10%"
"10/31/2016","1.826","1.840","1.854","1.826","-1.25%"
"10/28/2016","1.849","1.854","1.879","1.832","-0.08%"
"10/27/2016","1.850","1.797","1.870","1.791","3.28%"
"10/26/2016","1.791","1.754","1.797","1.742","1.92%"
"10/25/2016","1.758","1.766","1.788","1.742","-0.50%"
"10/24/2016","1.766","1.742","1.775","1.724","1.73%"
"10/21/2016","1.736","1.761","1.761","1.731","-1.09%"
"10/20/2016","1.756","1.750","1.768","1.724","0.50%"
"10/19/2016","1.747","1.745","1.770","1.729","0.41%"
"10/18/2016","1.740","1.771","1.787","1.740","-1.59%"
"10/17/2016","1.768","1.789","1.814","1.757","-2.05%"
"10/15/2016","1.805","1.805","1.805","1.805","0.00%"
"10/14/2016","1.805","1.752","1.805","1.750","3.34%"
"10/13/2016","1.746","1.767","1.769","1.727","-1.38%"
"10/12/2016","1.771","1.769","1.801","1.764","0.20%"
"10/11/2016","1.767","1.767","1.781","1.745","0.10%"
"10/10/2016","1.765","1.723","1.765","1.723","2.44%"
"10/07/2016","1.723","1.732","1.771","1.718","-0.89%"
"10/06/2016","1.739","1.709","1.746","1.692","1.95%"
"10/05/2016","1.706","1.685","1.730","1.669","0.93%"
"10/04/2016","1.690","1.629","1.692","1.612","3.85%"
"10/03/2016","1.627","1.600","1.629","1.593","1.84%"
"09/30/2016","1.598","1.553","1.617","1.536","2.55%"
"09/29/2016","1.558","1.586","1.601","1.543","-0.87%"
"09/28/2016","1.572","1.558","1.581","1.543","0.77%"
"09/27/2016","1.560","1.589","1.606","1.546","-1.52%"
"09/26/2016","1.584","1.617","1.620","1.574","-2.23%"
"09/24/2016","1.620","1.620","1.620","1.620","0.00%"
"09/23/2016","1.620","1.623","1.632","1.606","0.11%"
"09/22/2016","1.618","1.649","1.656","1.608","-2.19%"
"09/21/2016","1.655","1.689","1.738","1.653","-2.25%"
"09/20/2016","1.693","1.708","1.710","1.667","-0.81%"
"09/19/2016","1.707","1.693","1.714","1.679","0.73%"
"09/17/2016","1.694","1.694","1.694","1.694","0.00%"
"09/16/2016","1.694","1.689","1.703","1.660","-0.20%"
"09/15/2016","1.698","1.696","1.736","1.665","0.00%"
"09/14/2016","1.698","1.725","1.743","1.682","-1.80%"
"09/13/2016","1.729","1.661","1.752","1.637","3.75%"
"09/12/2016","1.666","1.668","1.697","1.659","-0.51%"
"09/09/2016","1.675","1.602","1.678","1.594","4.64%"
"09/08/2016","1.601","1.541","1.620","1.529","4.23%"
"09/07/2016","1.536","1.541","1.549","1.519","0.00%"
"09/06/2016","1.536","1.609","1.620","1.534","-4.57%"
"09/05/2016","1.609","1.607","1.611","1.607","0.11%"
"09/02/2016","1.607","1.571","1.623","1.543","2.51%"
"09/01/2016","1.568","1.580","1.619","1.556","-0.65%"
"08/31/2016","1.578","1.570","1.585","1.554","0.55%"
"08/30/2016","1.570","1.573","1.592","1.561","0.44%"
"08/29/2016","1.563","1.626","1.626","1.559","-3.99%"
"08/26/2016","1.628","1.571","1.635","1.531","3.15%"
"08/25/2016","1.578","1.564","1.583","1.548","0.99%"
"08/24/2016","1.563","1.556","1.570","1.542","1.10%"
"08/23/2016","1.546","1.551","1.571","1.527","0.11%"
"08/22/2016","1.544","1.597","1.600","1.536","-2.26%"
"08/19/2016","1.580","1.546","1.594","1.536","2.99%"
"08/18/2016","1.534","1.539","1.566","1.525","-0.98%"
"08/17/2016","1.549","1.568","1.588","1.537","-1.62%"
"08/16/2016","1.575","1.554","1.587","1.515","1.09%"
"08/15/2016","1.558","1.512","1.561","1.498","3.15%"
"08/13/2016","1.510","1.510","1.510","1.510","0.00%"
"08/12/2016","1.510","1.559","1.563","1.480","-3.26%"
"08/11/2016","1.561","1.505","1.576","1.503","3.20%"
"08/10/2016","1.513","1.545","1.545","1.501","-2.34%"
"08/09/2016","1.549","1.590","1.597","1.535","-2.71%"
"08/08/2016","1.592","1.595","1.616","1.571","0.11%"
"08/06/2016","1.590","1.590","1.590","1.590","0.00%"
"08/05/2016","1.590","1.501","1.592","1.487","5.84%"
"08/04/2016","1.503","1.544","1.556","1.484","-2.78%"
"08/03/2016","1.545","1.559","1.571","1.530","-0.56%"
"08/02/2016","1.554","1.520","1.573","1.511","2.26%"
"08/01/2016","1.520","1.463","1.527","1.463","4.83%"
"07/29/2016","1.450","1.501","1.564","1.450","-3.85%"
"07/28/2016","1.508","1.504","1.535","1.492","0.34%"
"07/27/2016","1.503","1.563","1.590","1.498","-3.85%"
"07/26/2016","1.563","1.568","1.589","1.537","-0.77%"
"07/25/2016","1.575","1.571","1.592","1.554","0.55%"
"07/22/2016","1.566","1.549","1.601","1.537","0.66%"
"07/21/2016","1.556","1.580","1.628","1.554","-1.53%"
"07/20/2016","1.580","1.559","1.596","1.546","1.43%"
"07/19/2016","1.558","1.573","1.575","1.537","-1.52%"
"07/18/2016","1.582","1.575","1.604","1.556","1.54%"
"07/15/2016","1.558","1.520","1.601","1.517","1.33%"
"07/14/2016","1.537","1.471","1.551","1.466","4.39%"
"07/13/2016","1.473","1.508","1.508","1.459","-2.26%"
"07/12/2016","1.507","1.425","1.531","1.422","5.33%"
"07/11/2016","1.430","1.366","1.435","1.358","5.33%"
"07/08/2016","1.358","1.390","1.442","1.346","-1.96%"
"07/07/2016","1.385","1.370","1.422","1.355","0.85%"
"07/06/2016","1.373","1.367","1.395","1.321","-0.12%"
"07/05/2016","1.375","1.439","1.441","1.357","-4.57%"
"07/04/2016","1.441","1.456","1.456","1.439","-1.04%"
"07/01/2016","1.456","1.471","1.473","1.382","-1.27%"
"06/30/2016","1.475","1.512","1.546","1.453","-2.79%"
"06/29/2016","1.517","1.465","1.519","1.454","3.58%"
"06/28/2016","1.465","1.439","1.483","1.428","1.40%"
"06/27/2016","1.444","1.507","1.526","1.436","-7.50%"
"06/24/2016","1.562","1.682","1.704","1.406","-10.46%"
"06/23/2016","1.744","1.702","1.749","1.694","3.39%"
"06/22/2016","1.687","1.697","1.711","1.680","-1.32%"
"06/21/2016","1.709","1.671","1.711","1.661","1.85%"
"06/20/2016","1.678","1.656","1.690","1.642","4.16%"
"06/17/2016","1.611","1.589","1.622","1.582","2.05%"
"06/16/2016","1.579","1.570","1.581","1.518","0.22%"
"06/15/2016","1.575","1.613","1.637","1.572","-2.33%"
"06/14/2016","1.613","1.611","1.625","1.567","0.00%"
"06/13/2016","1.613","1.625","1.640","1.608","-1.87%"
"06/10/2016","1.644","1.680","1.683","1.627","-2.25%"
"06/09/2016","1.682","1.704","1.709","1.659","-1.31%"
"06/08/2016","1.704","1.719","1.721","1.697","-0.71%"
"06/07/2016","1.716","1.733","1.744","1.704","-1.19%"
"06/06/2016","1.737","1.704","1.742","1.704","2.03%"
"06/03/2016","1.702","1.808","1.813","1.697","-5.38%"
"06/02/2016","1.799","1.837","1.841","1.796","-2.18%"
"06/01/2016","1.839","1.844","1.856","1.804","-0.66%"
"05/31/2016","1.851","1.860","1.890","1.830","-0.56%"
"05/30/2016","1.862","1.851","1.865","1.851","0.57%"
"05/27/2016","1.851","1.833","1.855","1.821","1.15%"
"05/26/2016","1.830","1.860","1.870","1.821","-2.23%"
"05/25/2016","1.872","1.859","1.882","1.849","0.38%"
"05/24/2016","1.865","1.838","1.880","1.821","1.61%"
"05/23/2016","1.835","1.838","1.856","1.818","-0.47%"
"05/20/2016","1.844","1.849","1.868","1.837","-0.18%"
"05/19/2016","1.847","1.849","1.883","1.830","-0.66%"
"05/18/2016","1.859","1.774","1.887","1.764","4.90%"
"05/17/2016","1.772","1.753","1.776","1.736","0.88%"
"05/16/2016","1.757","1.702","1.757","1.700","3.23%"
"05/13/2016","1.702","1.752","1.755","1.700","-2.65%"
"05/12/2016","1.748","1.724","1.765","1.715","0.76%"
"05/11/2016","1.735","1.767","1.770","1.721","-1.10%"
"05/10/2016","1.754","1.753","1.775","1.747","0.21%"
"05/09/2016","1.751","1.789","1.793","1.747","-1.59%"
"05/06/2016","1.779","1.756","1.786","1.705","2.13%"
"05/05/2016","1.742","1.793","1.809","1.735","-1.98%"
"05/04/2016","1.777","1.807","1.817","1.770","-1.08%"
"05/03/2016","1.796","1.856","1.858","1.782","-4.06%"
"05/02/2016","1.872","1.830","1.874","1.810","2.03%"
"04/29/2016","1.835","1.839","1.876","1.816","0.59%"
"04/28/2016","1.824","1.847","1.872","1.810","-1.52%"
"04/27/2016","1.852","1.922","1.923","1.851","-4.05%"
"04/26/2016","1.931","1.907","1.941","1.890","0.85%"
"04/25/2016","1.914","1.891","1.914","1.865","1.23%"
"04/22/2016","1.891","1.868","1.897","1.847","1.43%"
"04/21/2016","1.865","1.840","1.891","1.833","1.06%"
"04/20/2016","1.845","1.780","1.859","1.752","3.25%"
"04/19/2016","1.787","1.783","1.806","1.771","0.89%"
"04/18/2016","1.771","1.726","1.787","1.722","1.00%"
"04/15/2016","1.753","1.787","1.799","1.740","-2.14%"
"04/14/2016","1.792","1.773","1.804","1.752","1.49%"
"04/13/2016","1.766","1.778","1.797","1.757","-0.59%"
"04/12/2016","1.776","1.729","1.785","1.725","3.15%"
"04/11/2016","1.722","1.732","1.755","1.698","0.30%"
"04/08/2016","1.717","1.701","1.738","1.699","1.75%"
"04/07/2016","1.687","1.758","1.769","1.685","-4.05%"
"04/06/2016","1.758","1.732","1.774","1.729","2.23%"
"04/05/2016","1.720","1.764","1.764","1.715","-2.37%"
"04/04/2016","1.762","1.765","1.791","1.753","-0.69%"
"04/01/2016","1.774","1.784","1.814","1.762","0.20%"
"03/31/2016","1.770","1.816","1.832","1.769","-3.16%"
"03/30/2016","1.828","1.809","1.862","1.804","1.36%"
"03/29/2016","1.804","1.883","1.898","1.800","-4.20%"
"03/28/2016","1.883","1.914","1.918","1.863","-0.92%"
"03/24/2016","1.900","1.884","1.902","1.852","1.14%"
"03/23/2016","1.879","1.951","1.954","1.872","-3.36%"
"03/22/2016","1.944","1.919","1.946","1.879","1.39%"
"03/21/2016","1.917","1.893","1.924","1.868","2.16%"
"03/18/2016","1.877","1.901","1.901","1.863","-1.10%"
"03/17/2016","1.898","1.908","1.919","1.854","-0.83%"
"03/16/2016","1.913","1.970","2.002","1.908","-2.78%"
"03/15/2016","1.968","1.963","1.975","1.915","0.37%"
"03/14/2016","1.961","1.979","1.986","1.941","-0.98%"
"03/11/2016","1.980","1.932","1.986","1.916","2.29%"
"03/10/2016","1.936","1.876","1.952","1.855","3.00%"
"03/09/2016","1.880","1.829","1.897","1.825","2.68%"
"03/08/2016","1.831","1.908","1.909","1.804","-3.86%"
"03/07/2016","1.904","1.879","1.920","1.876","1.50%"
"03/04/2016","1.876","1.835","1.902","1.818","2.20%"
"03/03/2016","1.835","1.834","1.863","1.814","0.00%"
"03/02/2016","1.835","1.816","1.872","1.804","0.48%"
"03/01/2016","1.827","1.737","1.837","1.702","5.09%"
"02/29/2016","1.738","1.757","1.768","1.730","-1.47%"
"02/26/2016","1.764","1.724","1.783","1.714","2.92%"
"02/25/2016","1.714","1.752","1.760","1.678","-2.16%"
"02/24/2016","1.752","1.721","1.755","1.647","2.10%"
"02/23/2016","1.716","1.757","1.814","1.714","-2.25%"
"02/22/2016","1.755","1.748","1.783","1.747","0.69%"
"02/19/2016","1.743","1.740","1.785","1.719","0.10%"
"02/18/2016","1.741","1.812","1.829","1.736","-4.09%"
"02/17/2016","1.816","1.778","1.847","1.740","2.05%"
"02/16/2016","1.779","1.772","1.803","1.743","0.39%"
"02/15/2016","1.772","1.746","1.777","1.746","1.48%"
"02/12/2016","1.746","1.663","1.758","1.647","4.94%"
"02/11/2016","1.664","1.681","1.683","1.530","-0.54%"
"02/10/2016","1.673","1.736","1.774","1.670","-3.34%"
"02/09/2016","1.731","1.745","1.767","1.682","-0.98%"
"02/08/2016","1.748","1.853","1.870","1.733","-5.14%"
"02/05/2016","1.843","1.848","1.896","1.825","-0.16%"
"02/04/2016","1.846","1.883","1.910","1.841","-1.96%"
"02/03/2016","1.883","1.850","1.896","1.793","1.67%"
"02/02/2016","1.852","1.943","1.952","1.847","-5.03%"
"02/01/2016","1.950","1.933","1.966","1.905","1.40%"
"01/29/2016","1.923","1.987","1.992","1.911","-2.98%"
"01/28/2016","1.982","1.996","2.038","1.971","-1.05%"
"01/27/2016","2.003","1.989","2.053","1.980","0.00%"
"01/26/2016","2.003","2.005","2.027","1.961","-0.15%"
"01/25/2016","2.006","2.059","2.064","2.003","-2.48%"
"01/22/2016","2.057","2.035","2.089","2.014","1.43%"
"01/21/2016","2.028","1.996","2.035","1.956","2.01%"
"01/20/2016","1.988","2.056","2.056","1.939","-3.31%"
"01/19/2016","2.056","2.047","2.087","2.021","0.53%"
"01/18/2016","2.045","2.042","2.047","2.042","0.40%"
"01/15/2016","2.037","2.101","2.101","1.986","-2.58%"
"01/14/2016","2.091","2.077","2.122","2.049","0.00%"
"01/13/2016","2.091","2.117","2.151","2.042","-0.67%"
"01/12/2016","2.105","2.175","2.200","2.080","-3.22%"
"01/11/2016","2.175","2.126","2.179","2.126","2.79%"
"01/08/2016","2.116","2.154","2.225","2.112","-1.54%"
"01/07/2016","2.149","2.183","2.200","2.119","-0.97%"
"01/06/2016","2.170","2.236","2.244","2.168","-3.08%"
"01/05/2016","2.239","2.241","2.266","2.223","-0.18%"
"01/04/2016","2.243","2.293","2.293","2.200","-1.15%"
"12/31/2015","2.269","2.303","2.305","2.266","-1.09%"
"12/30/2015","2.294","2.300","2.325","2.285","-0.61%"
"12/29/2015","2.308","2.232","2.319","2.221","3.41%"
"12/28/2015","2.232","2.253","2.257","2.213","-0.58%"
"12/24/2015","2.245","2.257","2.266","2.239","-0.62%"
"12/23/2015","2.259","2.236","2.280","2.234","0.98%"
"12/22/2015","2.237","2.195","2.239","2.185","1.91%"
"12/21/2015","2.195","2.204","2.225","2.172","-0.41%"
"12/18/2015","2.204","2.230","2.234","2.178","-0.94%"
"12/17/2015","2.225","2.283","2.285","2.223","-3.18%"
"12/16/2015","2.298","2.268","2.332","2.250","1.32%"
"12/15/2015","2.268","2.218","2.289","2.202","1.93%"
"12/14/2015","2.225","2.155","2.230","2.138","4.36%"
"12/11/2015","2.132","2.236","2.239","2.120","-4.57%"
"12/10/2015","2.234","2.218","2.239","2.206","1.04%"
"12/09/2015","2.211","2.227","2.271","2.197","-0.50%"
"12/08/2015","2.222","2.236","2.245","2.197","-0.63%"
"12/07/2015","2.236","2.285","2.292","2.204","-1.63%"
"12/04/2015","2.273","2.303","2.358","2.260","-2.07%"
"12/03/2015","2.321","2.183","2.347","2.178","6.57%"
"12/02/2015","2.178","2.154","2.201","2.154","1.54%"
"12/01/2015","2.145","2.217","2.239","2.145","-2.85%"
"11/30/2015","2.208","2.218","2.245","2.206","-0.63%"
"11/27/2015","2.222","2.222","2.231","2.204","-0.07%"
"11/26/2015","2.224","2.220","2.225","2.220","-0.47%"
"11/25/2015","2.234","2.246","2.248","2.224","-0.22%"
"11/24/2015","2.239","2.243","2.252","2.206","-0.18%"
"11/23/2015","2.243","2.273","2.297","2.239","-0.93%"
"11/20/2015","2.264","2.255","2.266","2.231","0.76%"
"11/19/2015","2.247","2.273","2.276","2.232","-1.14%"
"11/18/2015","2.273","2.273","2.299","2.259","0.22%"
"11/17/2015","2.268","2.275","2.313","2.247","-0.13%"
"11/16/2015","2.271","2.245","2.278","2.238","-0.18%"
"11/13/2015","2.275","2.317","2.320","2.267","-1.73%"
"11/12/2015","2.315","2.331","2.354","2.299","-0.69%"
"11/11/2015","2.331","2.335","2.335","2.331","-0.21%"
"11/10/2015","2.336","2.347","2.353","2.311","-0.55%"
"11/09/2015","2.349","2.329","2.377","2.323","1.03%"
"11/06/2015","2.325","2.236","2.349","2.223","3.98%"
"11/05/2015","2.236","2.229","2.263","2.220","0.40%"
"11/04/2015","2.227","2.209","2.241","2.198","0.41%"
"11/03/2015","2.218","2.167","2.225","2.165","1.93%"
"11/02/2015","2.176","2.137","2.189","2.130","1.40%"
"10/30/2015","2.146","2.162","2.183","2.142","-1.20%"
"10/29/2015","2.172","2.092","2.180","2.081","3.38%"
"10/28/2015","2.101","2.044","2.106","2.028","3.14%"
"10/27/2015","2.037","2.055","2.060","2.009","-1.02%"
"10/26/2015","2.058","2.083","2.085","2.051","-1.39%"
"10/23/2015","2.087","2.035","2.099","2.023","2.91%"
"10/22/2015","2.028","2.023","2.055","2.003","0.00%"
"10/21/2015","2.028","2.060","2.072","2.017","-1.98%"
"10/20/2015","2.069","2.024","2.079","2.014","2.27%"
"10/19/2015","2.023","2.023","2.056","2.014","-0.59%"
"10/16/2015","2.035","2.026","2.037","2.000","0.79%"
"10/15/2015","2.019","1.988","2.028","1.988","2.23%"
"10/14/2015","1.975","2.047","2.049","1.974","-3.28%"
"10/13/2015","2.042","2.069","2.078","2.037","-1.37%"
"10/12/2015","2.070","2.069","2.074","2.069","-0.94%"
"10/09/2015","2.090","2.099","2.138","2.079","-0.57%"
"10/08/2015","2.102","2.069","2.122","2.033","1.79%"
"10/07/2015","2.065","2.037","2.086","2.035","1.47%"
"10/06/2015","2.035","2.049","2.077","2.028","-1.12%"
"10/05/2015","2.058","1.984","2.063","1.977","3.36%"
"10/03/2015","1.991","1.991","1.991","1.991","0.00%"
"10/02/2015","1.991","2.049","2.065","1.904","-2.50%"
"10/01/2015","2.042","2.042","2.072","2.009","0.34%"
"09/30/2015","2.035","2.063","2.104","2.035","-1.21%"
"09/29/2015","2.060","2.098","2.120","2.042","-1.81%"
"09/28/2015","2.098","2.157","2.169","2.091","-3.14%"
"09/25/2015","2.166","2.151","2.198","2.137","1.79%"
"09/24/2015","2.128","2.146","2.158","2.081","-1.07%"
"09/23/2015","2.151","2.123","2.173","2.121","0.89%"
"09/22/2015","2.132","2.198","2.198","2.114","-3.05%"
"09/21/2015","2.199","2.148","2.217","2.148","3.05%"
"09/18/2015","2.134","2.194","2.197","2.126","-2.65%"
"09/17/2015","2.192","2.298","2.298","2.188","-4.53%"
"09/16/2015","2.296","2.274","2.303","2.258","0.17%"
"09/15/2015","2.292","2.185","2.294","2.164","4.99%"
"09/14/2015","2.183","2.201","2.203","2.164","-0.18%"
"09/11/2015","2.187","2.222","2.226","2.172","-1.80%"
"09/10/2015","2.227","2.183","2.236","2.176","1.46%"
"09/09/2015","2.195","2.186","2.254","2.170","0.41%"
"09/08/2015","2.186","2.151","2.201","2.126","1.63%"
"09/07/2015","2.151","2.131","2.151","2.131","0.93%"
"09/04/2015","2.131","2.165","2.169","2.109","-1.48%"
"09/03/2015","2.163","2.179","2.197","2.151","-1.14%"
"09/02/2015","2.188","2.161","2.198","2.144","1.34%"
"09/01/2015","2.159","2.214","2.214","2.151","-2.48%"
"08/31/2015","2.214","2.195","2.220","2.136","1.37%"
"08/28/2015","2.184","2.193","2.197","2.128","-0.32%"
"08/27/2015","2.191","2.168","2.207","2.133","0.50%"
"08/26/2015","2.180","2.057","2.193","2.052","4.91%"
"08/25/2015","2.078","2.012","2.136","2.007","3.28%"
"08/24/2015","2.012","2.031","2.045","1.905","-1.61%"
"08/21/2015","2.045","2.078","2.091","2.030","-1.35%"
"08/20/2015","2.073","2.133","2.134","2.070","-2.63%"
"08/19/2015","2.129","2.194","2.230","2.113","-2.87%"
"08/18/2015","2.192","2.164","2.203","2.138","1.01%"
"08/17/2015","2.170","2.198","2.201","2.145","-1.41%"
"08/14/2015","2.201","2.184","2.221","2.161","0.55%"
"08/13/2015","2.189","2.141","2.198","2.112","1.91%"
"08/12/2015","2.148","2.150","2.157","2.045","0.23%"
"08/11/2015","2.143","2.230","2.232","2.114","-3.99%"
"08/10/2015","2.232","2.177","2.243","2.175","3.05%"
"08/07/2015","2.166","2.228","2.254","2.164","-2.74%"
"08/06/2015","2.227","2.272","2.281","2.218","-1.89%"
"08/05/2015","2.270","2.234","2.293","2.214","2.11%"
"08/04/2015","2.223","2.144","2.228","2.143","3.40%"
"08/03/2015","2.150","2.200","2.209","2.139","-1.69%"
"07/31/2015","2.187","2.257","2.286","2.182","-3.10%"
"07/30/2015","2.257","2.295","2.322","2.255","-1.40%"
"07/29/2015","2.289","2.259","2.297","2.252","1.73%"
"07/28/2015","2.250","2.221","2.266","2.219","1.53%"
"07/27/2015","2.216","2.262","2.266","2.210","-2.03%"
"07/24/2015","2.262","2.275","2.286","2.255","-0.31%"
"07/23/2015","2.269","2.325","2.343","2.268","-2.49%"
"07/22/2015","2.327","2.331","2.342","2.302","-0.17%"
"07/21/2015","2.331","2.372","2.403","2.327","-2.06%"
"07/20/2015","2.380","2.360","2.396","2.342","1.41%"
"07/18/2015","2.347","2.347","2.347","2.347","0.00%"
"07/17/2015","2.347","2.361","2.374","2.332","-0.38%"
"07/16/2015","2.356","2.374","2.398","2.338","0.00%"
"07/15/2015","2.356","2.390","2.432","2.345","-1.71%"
"07/14/2015","2.397","2.447","2.450","2.388","-2.00%"
"07/13/2015","2.446","2.388","2.470","2.375","1.87%"
"07/10/2015","2.401","2.350","2.421","2.334","3.63%"
"07/09/2015","2.317","2.197","2.325","2.181","5.46%"
"07/08/2015","2.197","2.256","2.256","2.176","-2.57%"
"07/07/2015","2.255","2.296","2.316","2.185","-1.53%"
"07/06/2015","2.290","2.274","2.346","2.274","-4.02%"
"07/02/2015","2.386","2.429","2.470","2.364","-1.69%"
"07/01/2015","2.427","2.373","2.444","2.349","3.32%"
"06/30/2015","2.349","2.326","2.378","2.310","0.90%"
"06/29/2015","2.328","2.303","2.409","2.292","-5.90%"
"06/26/2015","2.474","2.403","2.489","2.394","2.57%"
"06/25/2015","2.412","2.365","2.423","2.364","1.64%"
"06/24/2015","2.373","2.400","2.416","2.365","-1.70%"
"06/23/2015","2.414","2.374","2.429","2.362","1.68%"
"06/22/2015","2.374","2.286","2.378","2.279","5.00%"
"06/19/2015","2.261","2.326","2.326","2.258","-3.13%"
"06/18/2015","2.334","2.300","2.381","2.261","0.60%"
"06/17/2015","2.320","2.309","2.403","2.304","0.48%"
"06/16/2015","2.309","2.352","2.356","2.307","-2.16%"
"06/15/2015","2.360","2.349","2.376","2.313","-1.26%"
"06/12/2015","2.390","2.384","2.406","2.334","0.38%"
"06/11/2015","2.381","2.475","2.500","2.377","-4.22%"
"06/10/2015","2.486","2.433","2.495","2.433","1.80%"
"06/09/2015","2.442","2.388","2.449","2.354","2.52%"
"06/08/2015","2.382","2.413","2.415","2.366","-1.12%"
"06/05/2015","2.409","2.316","2.442","2.314","4.33%"
"06/04/2015","2.309","2.361","2.425","2.296","-2.20%"
"06/03/2015","2.361","2.259","2.388","2.254","4.19%"
"06/02/2015","2.266","2.185","2.277","2.176","3.80%"
"06/01/2015","2.183","2.128","2.199","2.106","2.82%"
"05/30/2015","2.123","2.123","2.123","2.123","0.00%"
"05/29/2015","2.123","2.137","2.141","2.090","-0.56%"
"05/28/2015","2.135","2.135","2.153","2.116","0.23%"
"05/27/2015","2.130","2.153","2.176","2.125","-0.56%"
"05/26/2015","2.142","2.204","2.213","2.132","-2.81%"
"05/25/2015","2.204","2.214","2.214","2.202","-0.50%"
"05/22/2015","2.215","2.195","2.241","2.163","0.91%"
"05/21/2015","2.195","2.248","2.257","2.183","-2.75%"
"05/20/2015","2.257","2.280","2.285","2.228","-1.44%"
"05/19/2015","2.290","2.230","2.303","2.183","2.51%"
"05/18/2015","2.234","2.153","2.243","2.139","4.00%"
"05/15/2015","2.148","2.230","2.234","2.132","-3.89%"
"05/14/2015","2.235","2.280","2.292","2.223","-2.61%"
"05/13/2015","2.295","2.260","2.298","2.189","2.14%"
"05/12/2015","2.247","2.276","2.366","2.234","-1.75%"
"05/11/2015","2.287","2.137","2.287","2.130","6.77%"
"05/08/2015","2.142","2.176","2.200","2.101","-1.65%"
"05/07/2015","2.178","2.241","2.312","2.167","-3.29%"
"05/06/2015","2.252","2.185","2.258","2.178","3.21%"
"05/05/2015","2.182","2.148","2.201","2.117","1.68%"
"05/04/2015","2.146","2.133","2.148","2.087","1.61%"
"05/01/2015","2.112","2.049","2.124","2.046","3.78%"
"04/30/2015","2.035","2.033","2.110","2.019","-0.54%"
"04/29/2015","2.046","1.986","2.081","1.980","2.15%"
"04/28/2015","2.003","1.924","2.007","1.916","4.00%"
"04/27/2015","1.926","1.910","1.949","1.895","0.63%"
"04/24/2015","1.914","1.958","1.972","1.907","-2.05%"
"04/23/2015","1.954","1.980","1.989","1.935","-1.41%"
"04/22/2015","1.982","1.909","1.993","1.891","3.72%"
"04/21/2015","1.911","1.884","1.919","1.865","1.33%"
"04/20/2015","1.886","1.870","1.902","1.853","1.13%"
"04/17/2015","1.865","1.891","1.912","1.844","-1.58%"
"04/16/2015","1.895","1.895","1.926","1.869","0.26%"
"04/15/2015","1.890","1.891","1.918","1.872","-0.53%"
"04/14/2015","1.900","1.928","1.932","1.855","-1.55%"
"04/13/2015","1.930","1.949","1.982","1.926","-0.97%"
"04/10/2015","1.949","1.963","1.967","1.919","-0.71%"
"04/09/2015","1.963","1.902","1.967","1.876","2.99%"
"04/08/2015","1.906","1.888","1.925","1.873","1.01%"
"04/07/2015","1.887","1.899","1.928","1.881","-0.63%"
"04/06/2015","1.899","1.831","1.911","1.826","3.09%"
"04/03/2015","1.842","1.904","1.906","1.802","-3.71%"
"04/02/2015","1.913","1.859","1.916","1.831","2.90%"
"04/01/2015","1.859","1.930","1.947","1.852","-3.53%"
"03/31/2015","1.927","1.954","1.968","1.923","-1.33%"
"03/30/2015","1.953","1.956","1.975","1.941","-0.36%"
"03/27/2015","1.960","2.000","2.002","1.944","-1.80%"
"03/26/2015","1.996","1.927","2.012","1.890","3.58%"
"03/25/2015","1.927","1.878","1.932","1.852","2.88%"
"03/24/2015","1.873","1.920","1.925","1.866","-1.89%"
"03/23/2015","1.909","1.925","1.942","1.906","-1.19%"
"03/20/2015","1.932","1.965","1.975","1.923","-1.93%"
"03/19/2015","1.970","1.916","1.989","1.899","2.71%"
"03/18/2015","1.918","2.056","2.058","1.906","-6.53%"
"03/17/2015","2.052","2.080","2.080","2.038","-1.06%"
"03/16/2015","2.074","2.107","2.107","2.065","-2.08%"
"03/13/2015","2.118","2.116","2.148","2.084","0.38%"
"03/12/2015","2.110","2.105","2.123","2.042","0.05%"
"03/11/2015","2.109","2.128","2.160","2.096","-0.57%"
"03/10/2015","2.121","2.201","2.211","2.117","-3.24%"
"03/09/2015","2.192","2.250","2.250","2.186","-2.45%"
"03/06/2015","2.247","2.121","2.259","2.101","6.14%"
"03/05/2015","2.117","2.112","2.147","2.096","-0.09%"
"03/04/2015","2.119","2.122","2.142","2.094","-0.14%"
"03/03/2015","2.122","2.080","2.128","2.073","1.58%"
"03/02/2015","2.089","2.005","2.096","1.991","4.66%"
"02/27/2015","1.996","2.026","2.052","1.993","-1.72%"
"02/26/2015","2.031","1.972","2.038","1.931","2.99%"
"02/25/2015","1.972","1.988","2.002","1.957","0.00%"
"02/24/2015","1.972","2.066","2.108","1.972","-4.32%"
"02/23/2015","2.061","2.113","2.136","2.054","-2.55%"
"02/20/2015","2.115","2.119","2.141","2.045","-0.33%"
"02/19/2015","2.122","2.082","2.126","2.043","1.77%"
"02/18/2015","2.085","2.138","2.164","2.043","-2.80%"
"02/17/2015","2.145","2.017","2.152","1.998","6.24%"
"02/16/2015","2.019","2.019","2.023","2.017","-1.36%"
"02/13/2015","2.047","1.984","2.106","1.976","2.97%"
"02/12/2015","1.988","1.997","2.049","1.959","-1.63%"
"02/11/2015","2.021","1.977","2.028","1.970","0.85%"
"02/10/2015","2.004","1.969","2.016","1.960","1.31%"
"02/09/2015","1.978","1.941","1.986","1.886","1.02%"
"02/06/2015","1.958","1.820","1.965","1.796","7.76%"
"02/05/2015","1.817","1.738","1.829","1.718","4.01%"
"02/04/2015","1.747","1.791","1.846","1.737","-2.84%"
"02/03/2015","1.798","1.673","1.802","1.661","7.41%"
"02/02/2015","1.674","1.653","1.712","1.649","2.14%"
"01/30/2015","1.639","1.761","1.761","1.637","-6.66%"
"01/29/2015","1.756","1.727","1.785","1.714","2.15%"
"01/28/2015","1.719","1.821","1.835","1.700","-5.96%"
"01/27/2015","1.828","1.827","1.832","1.748","0.00%"
"01/26/2015","1.828","1.767","1.844","1.752","2.18%"
"01/23/2015","1.789","1.875","1.875","1.781","-4.43%"
"01/22/2015","1.872","1.868","1.953","1.810","-0.16%"
"01/21/2015","1.875","1.796","1.875","1.773","4.69%"
"01/20/2015","1.791","1.800","1.837","1.759","-0.51%"
"01/19/2015","1.800","1.809","1.809","1.798","-1.69%"
"01/16/2015","1.831","1.724","1.839","1.698","5.96%"
"01/15/2015","1.728","1.860","1.900","1.702","-6.85%"
"01/14/2015","1.855","1.900","1.902","1.784","-2.62%"
"01/13/2015","1.905","1.905","1.945","1.864","-0.21%"
"01/12/2015","1.909","1.964","1.980","1.902","-2.10%"
"01/09/2015","1.950","2.018","2.028","1.943","-3.37%"
"01/08/2015","2.018","1.976","2.030","1.968","2.49%"
"01/07/2015","1.969","1.944","2.009","1.926","1.60%"
"01/06/2015","1.938","2.037","2.039","1.887","-4.72%"
"01/05/2015","2.034","2.102","2.133","2.027","-3.78%"
"01/02/2015","2.114","2.200","2.213","2.102","-2.59%"
"01/01/2015","2.170","2.170","2.170","2.170","0.00%"
"12/31/2014","2.170","2.183","2.190","2.165","-1.00%"
"12/30/2014","2.192","2.202","2.209","2.167","-0.54%"
"12/29/2014","2.204","2.248","2.253","2.193","-2.13%"
"12/26/2014","2.252","2.255","2.266","2.236","-0.14%"
"12/25/2014","2.255","2.255","2.257","2.253","-0.39%"
"12/24/2014","2.264","2.260","2.301","2.241","-0.22%"
"12/23/2014","2.269","2.157","2.271","2.155","5.24%"
"12/22/2014","2.156","2.165","2.190","2.149","-0.19%"
"12/19/2014","2.160","2.213","2.234","2.157","-2.17%"
"12/18/2014","2.208","2.148","2.225","2.111","3.37%"
"12/17/2014","2.136","2.061","2.150","2.047","3.64%"
"12/16/2014","2.061","2.116","2.118","2.009","-2.55%"
"12/15/2014","2.115","2.078","2.136","2.071","1.54%"
"12/12/2014","2.083","2.171","2.171","2.083","-3.96%"
"12/11/2014","2.169","2.167","2.216","2.139","-0.18%"
"12/10/2014","2.173","2.218","2.230","2.155","-1.81%"
"12/09/2014","2.213","2.264","2.271","2.187","-2.04%"
"12/08/2014","2.259","2.310","2.347","2.243","-2.08%"
"12/05/2014","2.307","2.245","2.331","2.243","3.18%"
"12/04/2014","2.236","2.282","2.298","2.236","-2.02%"
"12/03/2014","2.282","2.292","2.306","2.278","-0.52%"
"12/02/2014","2.294","2.234","2.296","2.225","2.59%"
"12/01/2014","2.236","2.178","2.243","2.150","2.90%"
"11/28/2014","2.173","2.215","2.225","2.166","-1.89%"
"11/27/2014","2.215","2.211","2.217","2.211","-1.35%"
"11/26/2014","2.245","2.259","2.262","2.229","-0.62%"
"11/25/2014","2.259","2.305","2.317","2.257","-2.00%"
"11/24/2014","2.305","2.310","2.338","2.299","-0.30%"
"11/21/2014","2.312","2.340","2.354","2.308","-1.11%"
"11/20/2014","2.338","2.358","2.358","2.303","-0.85%"
"11/19/2014","2.358","2.317","2.363","2.310","1.77%"
"11/18/2014","2.317","2.335","2.342","2.308","-0.98%"
"11/17/2014","2.340","2.313","2.347","2.282","0.91%"
"11/14/2014","2.319","2.345","2.377","2.315","-1.11%"
"11/13/2014","2.345","2.377","2.384","2.340","-1.18%"
"11/12/2014","2.373","2.373","2.377","2.319","0.08%"
"11/11/2014","2.371","2.373","2.373","2.369","0.47%"
"11/10/2014","2.360","2.308","2.362","2.273","2.56%"
"11/07/2014","2.301","2.387","2.407","2.299","-3.40%"
"11/06/2014","2.382","2.344","2.391","2.326","1.53%"
"11/05/2014","2.346","2.333","2.369","2.328","0.47%"
"11/04/2014","2.335","2.341","2.351","2.303","-0.47%"
"11/03/2014","2.346","2.309","2.384","2.301","0.47%"
"10/31/2014","2.335","2.307","2.359","2.296","1.17%"
"10/30/2014","2.308","2.310","2.333","2.280","-0.56%"
"10/29/2014","2.321","2.296","2.362","2.276","0.91%"
"10/28/2014","2.300","2.262","2.300","2.248","1.81%"
"10/27/2014","2.259","2.287","2.298","2.243","-0.31%"
"10/24/2014","2.266","2.275","2.278","2.229","-0.48%"
"10/23/2014","2.277","2.216","2.300","2.201","2.57%"
"10/22/2014","2.220","2.216","2.250","2.178","-0.31%"
"10/21/2014","2.227","2.176","2.227","2.135","1.55%"
"10/20/2014","2.193","2.218","2.225","2.160","-0.27%"
"10/17/2014","2.199","2.155","2.229","2.122","2.23%"
"10/16/2014","2.151","2.111","2.180","1.978","1.03%"
"10/15/2014","2.129","2.204","2.229","1.865","-3.10%"
"10/14/2014","2.197","2.240","2.264","2.176","-1.83%"
"10/13/2014","2.238","2.234","2.241","2.234","-2.10%"
"10/10/2014","2.286","2.316","2.348","2.280","-1.76%"
"10/09/2014","2.327","2.330","2.345","2.279","0.39%"
"10/08/2014","2.318","2.352","2.386","2.311","-0.98%"
"10/07/2014","2.341","2.421","2.430","2.337","-3.26%"
"10/06/2014","2.420","2.439","2.452","2.404","-0.66%"
"10/03/2014","2.436","2.436","2.484","2.429","0.00%"
"10/02/2014","2.436","2.387","2.439","2.384","1.97%"
"10/01/2014","2.389","2.500","2.508","2.384","-4.25%"
"09/30/2014","2.495","2.479","2.524","2.479","0.65%"
"09/29/2014","2.479","2.524","2.540","2.479","-1.92%"
"09/27/2014","2.528","2.528","2.528","2.528","0.00%"
"09/26/2014","2.528","2.506","2.549","2.490","0.96%"
"09/25/2014","2.504","2.567","2.571","2.502","-2.42%"
"09/24/2014","2.566","2.531","2.569","2.527","1.54%"
"09/23/2014","2.527","2.556","2.556","2.527","-1.52%"
"09/22/2014","2.566","2.569","2.578","2.547","-0.47%"
"09/19/2014","2.578","2.629","2.655","2.575","-1.53%"
"09/18/2014","2.618","2.629","2.642","2.594","-0.15%"
"09/17/2014","2.622","2.591","2.625","2.547","1.08%"
"09/16/2014","2.594","2.591","2.596","2.553","0.12%"
"09/15/2014","2.591","2.612","2.651","2.582","-0.68%"
"09/13/2014","2.609","2.609","2.609","2.609","0.00%"
"09/12/2014","2.609","2.547","2.616","2.545","2.31%"
"09/11/2014","2.550","2.532","2.554","2.507","0.28%"
"09/10/2014","2.543","2.500","2.543","2.493","1.64%"
"09/09/2014","2.502","2.480","2.509","2.478","1.25%"
"09/08/2014","2.471","2.450","2.480","2.421","0.49%"
"09/05/2014","2.459","2.468","2.487","2.387","0.24%"
"09/04/2014","2.453","2.403","2.457","2.382","2.29%"
"09/03/2014","2.398","2.419","2.467","2.396","-1.03%"
"09/02/2014","2.423","2.357","2.425","2.354","2.71%"
"09/01/2014","2.359","2.345","2.359","2.345","0.60%"
"08/29/2014","2.345","2.343","2.354","2.325","0.30%"
"08/28/2014","2.338","2.357","2.357","2.322","-0.97%"
"08/27/2014","2.361","2.393","2.394","2.357","-1.54%"
"08/26/2014","2.398","2.384","2.400","2.368","0.59%"
"08/25/2014","2.384","2.410","2.432","2.377","-0.79%"
"08/22/2014","2.403","2.410","2.444","2.378","-0.25%"
"08/21/2014","2.409","2.434","2.448","2.398","-0.78%"
"08/20/2014","2.428","2.401","2.446","2.398","1.04%"
"08/19/2014","2.403","2.396","2.407","2.361","0.38%"
"08/18/2014","2.394","2.356","2.398","2.352","2.26%"
"08/15/2014","2.341","2.407","2.412","2.303","-2.58%"
"08/14/2014","2.403","2.430","2.442","2.391","-0.70%"
"08/13/2014","2.420","2.458","2.471","2.408","-1.18%"
"08/12/2014","2.449","2.431","2.451","2.415","0.82%"
"08/11/2014","2.429","2.431","2.440","2.411","0.29%"
"08/08/2014","2.422","2.420","2.426","2.349","0.54%"
"08/07/2014","2.409","2.471","2.482","2.408","-2.43%"
"08/06/2014","2.469","2.487","2.489","2.433","-0.80%"
"08/05/2014","2.489","2.487","2.525","2.473","0.16%"
"08/04/2014","2.485","2.502","2.513","2.471","-0.37%"
"08/02/2014","2.494","2.494","2.494","2.494","0.00%"
"08/01/2014","2.494","2.562","2.591","2.482","-2.65%"
"07/31/2014","2.562","2.558","2.614","2.538","0.08%"
"07/30/2014","2.560","2.460","2.569","2.458","3.98%"
"07/29/2014","2.462","2.491","2.498","2.451","-1.01%"
"07/28/2014","2.487","2.471","2.496","2.466","0.81%"
"07/25/2014","2.467","2.503","2.520","2.464","-1.40%"
"07/24/2014","2.502","2.469","2.522","2.458","1.34%"
"07/23/2014","2.469","2.467","2.478","2.449","0.12%"
"07/22/2014","2.466","2.473","2.505","2.460","-0.12%"
"07/21/2014","2.469","2.482","2.491","2.448","-0.52%"
"07/18/2014","2.482","2.451","2.502","2.448","1.64%"
"07/17/2014","2.442","2.525","2.527","2.441","-3.48%"
"07/16/2014","2.530","2.547","2.569","2.527","-0.86%"
"07/15/2014","2.552","2.547","2.570","2.520","0.20%"
"07/14/2014","2.547","2.525","2.550","2.518","1.23%"
"07/12/2014","2.516","2.516","2.516","2.516","0.00%"
"07/11/2014","2.516","2.536","2.547","2.505","-0.87%"
"07/10/2014","2.538","2.558","2.558","2.494","-0.70%"
"07/09/2014","2.556","2.559","2.603","2.543","-0.12%"
"07/08/2014","2.559","2.616","2.621","2.554","-2.10%"
"07/07/2014","2.614","2.656","2.661","2.608","-1.02%"
"07/03/2014","2.641","2.625","2.692","2.615","0.49%"
"07/02/2014","2.628","2.568","2.630","2.548","2.38%"
"07/01/2014","2.567","2.530","2.570","2.521","1.38%"
"06/30/2014","2.532","2.529","2.548","2.514","-0.16%"
"06/27/2014","2.536","2.527","2.536","2.507","0.16%"
"06/26/2014","2.532","2.561","2.568","2.516","-1.13%"
"06/25/2014","2.561","2.577","2.588","2.529","-0.62%"
"06/24/2014","2.577","2.619","2.621","2.575","-1.87%"
"06/23/2014","2.626","2.612","2.630","2.590","0.69%"
"06/20/2014","2.608","2.622","2.659","2.606","-0.50%"
"06/19/2014","2.621","2.590","2.646","2.565","1.20%"
"06/18/2014","2.590","2.659","2.660","2.586","-2.37%"
"06/17/2014","2.653","2.601","2.657","2.588","2.16%"
"06/16/2014","2.597","2.602","2.613","2.577","-0.42%"
"06/13/2014","2.608","2.606","2.644","2.586","0.42%"
"06/12/2014","2.597","2.644","2.658","2.575","-1.63%"
"06/11/2014","2.640","2.653","2.662","2.613","0.00%"
"06/10/2014","2.640","2.602","2.651","2.590","1.23%"
"06/09/2014","2.608","2.595","2.628","2.595","0.42%"
"06/06/2014","2.597","2.582","2.602","2.530","0.50%"
"06/05/2014","2.584","2.597","2.647","2.570","-0.84%"
"06/04/2014","2.606","2.595","2.615","2.568","0.27%"
"06/03/2014","2.599","2.529","2.600","2.518","2.85%"
"06/02/2014","2.527","2.484","2.541","2.475","2.10%"
"05/30/2014","2.475","2.466","2.491","2.452","0.20%"
"05/29/2014","2.470","2.448","2.470","2.402","1.02%"
"05/28/2014","2.445","2.514","2.516","2.434","-2.90%"
"05/27/2014","2.518","2.539","2.553","2.512","-0.91%"
"05/26/2014","2.541","2.543","2.545","2.541","0.20%"
"05/23/2014","2.536","2.552","2.557","2.518","-0.70%"
"05/22/2014","2.554","2.543","2.568","2.534","0.79%"
"05/21/2014","2.534","2.509","2.561","2.500","0.80%"
"05/20/2014","2.514","2.543","2.553","2.502","-1.22%"
"05/19/2014","2.545","2.521","2.546","2.495","0.87%"
"05/16/2014","2.523","2.495","2.527","2.489","1.08%"
"05/15/2014","2.496","2.543","2.562","2.473","-2.04%"
"05/14/2014","2.548","2.616","2.620","2.525","-2.41%"
"05/13/2014","2.611","2.661","2.661","2.607","-1.88%"
"05/12/2014","2.661","2.631","2.665","2.631","1.45%"
"05/09/2014","2.623","2.611","2.636","2.591","0.46%"
"05/08/2014","2.611","2.623","2.634","2.580","0.81%"
"05/07/2014","2.590","2.599","2.617","2.577","-0.12%"
"05/06/2014","2.593","2.606","2.626","2.586","-0.50%"
"05/05/2014","2.606","2.575","2.613","2.572","0.77%"
"05/02/2014","2.586","2.615","2.700","2.573","-1.03%"
"05/01/2014","2.613","2.659","2.662","2.593","-1.25%"
"04/30/2014","2.646","2.691","2.717","2.644","-1.89%"
"04/29/2014","2.697","2.708","2.731","2.688","-0.41%"
"04/28/2014","2.708","2.675","2.710","2.668","1.58%"
"04/25/2014","2.666","2.686","2.690","2.644","-0.60%"
"04/24/2014","2.682","2.702","2.733","2.681","-0.41%"
"04/23/2014","2.693","2.717","2.722","2.677","-0.66%"
"04/22/2014","2.711","2.717","2.748","2.699","-0.15%"
"04/21/2014","2.715","2.719","2.733","2.688","-0.22%"
"04/17/2014","2.721","2.632","2.726","2.623","3.26%"
"04/16/2014","2.635","2.626","2.661","2.625","0.19%"
"04/15/2014","2.630","2.646","2.663","2.596","-0.75%"
"04/14/2014","2.650","2.603","2.657","2.603","0.84%"
"04/11/2014","2.628","2.641","2.657","2.607","-0.72%"
"04/10/2014","2.647","2.695","2.703","2.614","-1.71%"
"04/09/2014","2.693","2.684","2.723","2.674","0.37%"
"04/08/2014","2.683","2.708","2.721","2.674","-0.67%"
"04/07/2014","2.701","2.723","2.735","2.683","-0.92%"
"04/04/2014","2.726","2.799","2.801","2.721","-2.68%"
"04/03/2014","2.801","2.806","2.806","2.777","-0.18%"
"04/02/2014","2.806","2.757","2.810","2.755","1.85%"
"04/01/2014","2.755","2.726","2.766","2.724","1.32%"
"03/31/2014","2.719","2.724","2.768","2.719","-0.15%"
"03/28/2014","2.723","2.685","2.734","2.670","1.49%"
"03/27/2014","2.683","2.695","2.714","2.659","-0.41%"
"03/26/2014","2.694","2.750","2.763","2.685","-2.04%"
"03/25/2014","2.750","2.735","2.763","2.721","0.73%"
"03/24/2014","2.730","2.757","2.783","2.721","-0.58%"
"03/21/2014","2.746","2.766","2.784","2.741","-0.97%"
"03/20/2014","2.773","2.768","2.793","2.743","0.00%"
"03/19/2014","2.773","2.674","2.793","2.661","3.70%"
"03/18/2014","2.674","2.694","2.701","2.661","-0.74%"
"03/17/2014","2.694","2.642","2.699","2.638","1.43%"
"03/14/2014","2.656","2.647","2.667","2.610","0.42%"
"03/13/2014","2.645","2.734","2.755","2.642","-3.18%"
"03/12/2014","2.732","2.770","2.773","2.714","-1.37%"
"03/11/2014","2.770","2.783","2.799","2.763","-0.32%"
"03/10/2014","2.779","2.790","2.804","2.764","-0.39%"
"03/07/2014","2.790","2.744","2.821","2.721","1.86%"
"03/06/2014","2.739","2.703","2.748","2.698","1.14%"
"03/05/2014","2.708","2.692","2.719","2.680","0.26%"
"03/04/2014","2.701","2.605","2.703","2.603","3.76%"
"03/03/2014","2.603","2.610","2.635","2.592","-1.74%"
"02/28/2014","2.649","2.646","2.698","2.633","0.38%"
"02/27/2014","2.639","2.673","2.678","2.635","-1.01%"
"02/26/2014","2.666","2.707","2.719","2.662","-1.37%"
"02/25/2014","2.703","2.744","2.748","2.698","-1.39%"
"02/24/2014","2.741","2.736","2.763","2.721","0.33%"
"02/21/2014","2.732","2.755","2.781","2.730","-0.73%"
"02/20/2014","2.752","2.734","2.773","2.698","0.47%"
"02/19/2014","2.739","2.707","2.743","2.675","1.11%"
"02/18/2014","2.709","2.750","2.763","2.696","-1.43%"
"02/17/2014","2.748","2.752","2.752","2.748","0.12%"
"02/14/2014","2.745","2.739","2.755","2.711","0.40%"
"02/13/2014","2.734","2.786","2.786","2.727","-1.05%"
"02/12/2014","2.763","2.720","2.777","2.715","1.36%"
"02/11/2014","2.726","2.682","2.733","2.682","2.14%"
"02/10/2014","2.669","2.684","2.695","2.664","-0.56%"
"02/07/2014","2.684","2.700","2.726","2.633","-0.67%"
"02/06/2014","2.702","2.669","2.709","2.658","1.24%"
"02/05/2014","2.669","2.629","2.675","2.599","1.44%"
"02/04/2014","2.631","2.586","2.635","2.575","2.10%"
"02/03/2014","2.577","2.666","2.680","2.570","-2.53%"
"01/31/2014","2.644","2.699","2.710","2.646","-1.97%"
"01/30/2014","2.697","2.688","2.726","2.675","0.67%"
"01/29/2014","2.679","2.775","2.790","2.662","-2.65%"
"01/28/2014","2.752","2.753","2.785","2.739","0.07%"
"01/27/2014","2.750","2.715","2.768","2.710","1.14%"
"01/24/2014","2.719","2.781","2.788","2.706","-2.16%"
"01/23/2014","2.779","2.871","2.873","2.759","-3.07%"
"01/22/2014","2.867","2.830","2.867","2.829","1.24%"
"01/21/2014","2.832","2.827","2.867","2.819","0.12%"
"01/20/2014","2.829","2.829","2.829","2.827","0.27%"
"01/17/2014","2.821","2.845","2.860","2.818","-0.70%"
"01/16/2014","2.841","2.893","2.893","2.838","-1.80%"
"01/15/2014","2.893","2.875","2.912","2.860","0.70%"
"01/14/2014","2.873","2.836","2.875","2.829","1.56%"
"01/13/2014","2.829","2.864","2.865","2.819","-1.08%"
"01/10/2014","2.860","2.973","2.974","2.856","-3.67%"
"01/09/2014","2.969","2.987","3.001","2.960","-0.74%"
"01/08/2014","2.991","2.945","3.010","2.945","1.70%"
"01/07/2014","2.941","2.961","2.967","2.937","-0.57%"
"01/06/2014","2.958","3.013","3.013","2.947","-1.33%"
"01/03/2014","2.998","2.984","3.012","2.969","0.23%"
"01/02/2014","2.991","3.038","3.041","2.978","-1.17%"
"01/01/2014","3.026","3.026","3.026","3.026","0.00%"
"12/31/2013","3.026","2.980","3.036","2.980","1.82%"
"12/30/2013","2.972","3.006","3.015","2.967","-1.00%"
"12/27/2013","3.002","2.989","3.020","2.972","0.33%"
"12/26/2013","2.992","2.998","3.000","2.951","-0.26%"
"12/25/2013","3.000","2.981","3.000","2.981","0.63%"
"12/24/2013","2.981","2.929","2.987","2.922","1.71%"
"12/23/2013","2.931","2.891","2.935","2.876","1.42%"
"12/20/2013","2.890","2.940","2.966","2.879","-1.33%"
"12/19/2013","2.929","2.887","2.951","2.878","1.14%"
"12/18/2013","2.896","2.841","2.929","2.824","2.08%"
"12/17/2013","2.837","2.874","2.887","2.835","-1.46%"
"12/16/2013","2.879","2.866","2.887","2.839","0.45%"
"12/13/2013","2.866","2.877","2.890","2.854","-0.45%"
"12/12/2013","2.879","2.859","2.888","2.841","0.84%"
"12/11/2013","2.855","2.821","2.859","2.803","1.86%"
"12/10/2013","2.803","2.844","2.850","2.792","-1.34%"
"12/09/2013","2.841","2.864","2.866","2.833","-0.56%"
"12/06/2013","2.857","2.879","2.932","2.841","-0.56%"
"12/05/2013","2.873","2.835","2.877","2.822","1.27%"
"12/04/2013","2.837","2.788","2.852","2.777","1.90%"
"12/03/2013","2.784","2.801","2.806","2.757","-0.46%"
"12/02/2013","2.797","2.753","2.810","2.752","1.86%"
"11/29/2013","2.746","2.746","2.768","2.736","-0.08%"
"11/28/2013","2.748","2.737","2.750","2.737","0.33%"
"11/27/2013","2.739","2.714","2.770","2.708","1.07%"
"11/26/2013","2.710","2.719","2.734","2.694","-0.73%"
"11/25/2013","2.730","2.755","2.770","2.728","-0.51%"
"11/22/2013","2.744","2.784","2.793","2.744","-1.58%"
"11/21/2013","2.788","2.811","2.839","2.775","-0.57%"
"11/20/2013","2.804","2.707","2.806","2.685","3.39%"
"11/19/2013","2.712","2.669","2.716","2.660","1.73%"
"11/18/2013","2.666","2.714","2.721","2.662","-1.37%"
"11/15/2013","2.703","2.696","2.732","2.691","0.37%"
"11/14/2013","2.693","2.718","2.739","2.684","-0.85%"
"11/13/2013","2.716","2.770","2.772","2.688","-2.09%"
"11/12/2013","2.774","2.766","2.792","2.753","0.21%"
"11/11/2013","2.768","2.751","2.768","2.751","0.62%"
"11/08/2013","2.751","2.602","2.763","2.593","5.73%"
"11/07/2013","2.602","2.644","2.651","2.596","-1.59%"
"11/06/2013","2.644","2.668","2.673","2.631","-0.97%"
"11/05/2013","2.670","2.602","2.677","2.594","2.57%"
"11/04/2013","2.603","2.615","2.624","2.589","-0.65%"
"11/01/2013","2.620","2.560","2.629","2.554","2.66%"
"10/31/2013","2.552","2.542","2.571","2.502","0.55%"
"10/30/2013","2.538","2.509","2.549","2.473","1.40%"
"10/29/2013","2.503","2.520","2.536","2.500","-0.79%"
"10/28/2013","2.523","2.514","2.527","2.500","0.48%"
"10/25/2013","2.511","2.520","2.522","2.494","-0.36%"
"10/24/2013","2.520","2.500","2.522","2.474","0.88%"
"10/23/2013","2.498","2.507","2.509","2.471","-0.52%"
"10/22/2013","2.511","2.607","2.611","2.509","-3.46%"
"10/21/2013","2.601","2.590","2.620","2.579","0.70%"
"10/18/2013","2.583","2.601","2.605","2.540","-0.35%"
"10/17/2013","2.592","2.671","2.672","2.581","-2.81%"
"10/16/2013","2.667","2.740","2.759","2.663","-2.24%"
"10/15/2013","2.728","2.739","2.740","2.691","-0.46%"
"10/14/2013","2.740","2.740","2.742","2.737","1.84%"
"10/11/2013","2.691","2.687","2.693","2.645","0.30%"
"10/10/2013","2.683","2.667","2.722","2.667","0.83%"
"10/09/2013","2.661","2.623","2.674","2.616","0.87%"
"10/08/2013","2.638","2.626","2.659","2.614","0.30%"
"10/07/2013","2.630","2.634","2.637","2.606","-0.57%"
"10/04/2013","2.645","2.610","2.659","2.610","1.54%"
"10/03/2013","2.605","2.617","2.652","2.581","-0.53%"
"10/02/2013","2.619","2.659","2.661","2.592","-1.17%"
"10/01/2013","2.650","2.614","2.666","2.612","1.34%"
"09/30/2013","2.615","2.595","2.645","2.590","-0.49%"
"09/27/2013","2.628","2.648","2.670","2.605","-0.76%"
"09/26/2013","2.648","2.635","2.659","2.622","0.84%"
"09/25/2013","2.626","2.657","2.666","2.610","-1.09%"
"09/24/2013","2.655","2.703","2.708","2.642","-1.70%"
"09/23/2013","2.701","2.736","2.758","2.697","-1.28%"
"09/20/2013","2.736","2.752","2.774","2.717","-0.58%"
"09/19/2013","2.752","2.704","2.757","2.675","2.23%"
"09/18/2013","2.692","2.844","2.900","2.673","-5.51%"
"09/17/2013","2.849","2.868","2.874","2.829","-0.45%"
"09/16/2013","2.862","2.890","2.890","2.777","-0.97%"
"09/13/2013","2.890","2.914","2.957","2.879","-0.52%"
"09/12/2013","2.905","2.920","2.920","2.862","-0.24%"
"09/11/2013","2.912","2.970","2.979","2.908","-1.82%"
"09/10/2013","2.966","2.918","2.972","2.916","1.78%"
"09/09/2013","2.914","2.942","2.951","2.875","-0.69%"
"09/07/2013","2.934","2.934","2.934","2.934","0.00%"
"09/06/2013","2.934","2.990","3.007","2.864","-2.07%"
"09/05/2013","2.996","2.895","3.001","2.885","3.42%"
"09/04/2013","2.897","2.865","2.908","2.847","1.19%"
"09/03/2013","2.863","2.837","2.913","2.813","0.97%"
"09/02/2013","2.835","2.837","2.837","2.826","1.66%"
"08/30/2013","2.789","2.771","2.793","2.744","0.98%"
"08/29/2013","2.762","2.778","2.831","2.743","-0.11%"
"08/28/2013","2.765","2.718","2.795","2.705","2.07%"
"08/27/2013","2.709","2.798","2.813","2.707","-2.80%"
"08/26/2013","2.787","2.824","2.840","2.783","-1.10%"
"08/23/2013","2.818","2.818","2.818","2.818","-2.56%"
"08/22/2013","2.892","2.892","2.892","2.892","0.00%"
"08/21/2013","2.892","2.892","2.892","2.892","2.63%"
"08/20/2013","2.818","2.818","2.818","2.818","-2.22%"
"08/19/2013","2.882","2.882","2.882","2.882","2.02%"
"08/16/2013","2.825","2.825","2.825","2.825","2.21%"
"08/15/2013","2.764","2.764","2.764","2.764","1.92%"
"08/14/2013","2.712","2.712","2.712","2.712","-0.33%"
"08/13/2013","2.721","2.721","2.721","2.721","3.78%"
"08/12/2013","2.622","2.622","2.622","2.622","1.62%"
"08/10/2013","2.580","2.580","2.580","2.580","0.00%"
"08/09/2013","2.580","2.580","2.580","2.580","-0.27%"
"08/08/2013","2.587","2.587","2.587","2.587","-0.46%"
"08/07/2013","2.599","2.599","2.599","2.599","-1.63%"
"08/06/2013","2.642","2.642","2.642","2.642","0.08%"
"08/05/2013","2.640","2.640","2.640","2.640","1.62%"
"08/03/2013","2.598","2.598","2.598","2.598","0.00%"
"08/02/2013","2.598","2.598","2.598","2.598","-4.06%"
"08/01/2013","2.708","2.708","2.708","2.708","4.64%"
"07/31/2013","2.588","2.588","2.588","2.588","-0.69%"
"07/30/2013","2.606","2.606","2.606","2.606","0.27%"
"07/29/2013","2.599","2.599","2.599","2.599","1.35%"
"07/27/2013","2.564","2.564","2.564","2.564","0.00%"
"07/26/2013","2.564","2.564","2.564","2.564","-0.50%"
"07/25/2013","2.577","2.577","2.577","2.577","-0.27%"
"07/24/2013","2.584","2.584","2.584","2.584","3.07%"
"07/23/2013","2.507","2.507","2.507","2.507","0.93%"
"07/22/2013","2.484","2.484","2.484","2.484","0.08%"
"07/20/2013","2.482","2.482","2.482","2.482","0.00%"
"07/19/2013","2.482","2.482","2.482","2.482","-2.05%"
"07/18/2013","2.534","2.534","2.534","2.534","1.73%"
"07/17/2013","2.491","2.491","2.491","2.491","-1.62%"
"07/16/2013","2.532","2.532","2.532","2.532","-0.43%"
"07/15/2013","2.543","2.543","2.543","2.543","-1.88%"
"07/13/2013","2.592","2.592","2.592","2.592","0.00%"
"07/12/2013","2.592","2.592","2.592","2.592","0.78%"
"07/11/2013","2.572","2.572","2.572","2.572","-3.81%"
"07/10/2013","2.674","2.674","2.674","2.674","1.29%"
"07/09/2013","2.640","2.640","2.640","2.640","0.08%"
"07/08/2013","2.638","2.638","2.638","2.638","-3.59%"
"07/06/2013","2.736","2.736","2.736","2.736","0.00%"
"07/05/2013","2.736","2.736","2.736","2.736","9.30%"
"07/04/2013","2.503","2.503","2.503","2.503","0.00%"
"07/03/2013","2.503","2.503","2.503","2.503","1.30%"
"07/02/2013","2.471","2.471","2.471","2.471","-0.24%"
"07/01/2013","2.477","2.477","2.477","2.477","-0.42%"
"06/29/2013","2.487","2.487","2.487","2.487","0.00%"
"06/28/2013","2.487","2.487","2.487","2.487","0.53%"
"06/27/2013","2.474","2.474","2.474","2.474","-2.64%"
"06/26/2013","2.541","2.541","2.541","2.541","-2.72%"
"06/25/2013","2.612","2.612","2.612","2.612","2.67%"
"06/24/2013","2.544","2.544","2.544","2.544","0.07%"
"06/22/2013","2.542","2.542","2.542","2.542","0.00%"
"06/21/2013","2.542","2.542","2.542","2.542","5.00%"
"06/20/2013","2.421","2.421","2.421","2.421","2.85%"
"06/19/2013","2.354","2.354","2.354","2.354","7.73%"
"06/18/2013","2.185","2.185","2.185","2.185","0.32%"
"06/17/2013","2.178","2.178","2.178","2.178","2.28%"
"06/15/2013","2.129","2.129","2.129","2.129","-0.02%"
"06/14/2013","2.130","2.130","2.130","2.130","-0.88%"
"06/13/2013","2.149","2.149","2.149","2.149","-3.55%"
"06/12/2013","2.228","2.228","2.228","2.228","1.74%"
"06/11/2013","2.190","2.190","2.190","2.190","-1.04%"
"06/10/2013","2.213","2.213","2.213","2.213","1.56%"
"06/08/2013","2.179","2.179","2.179","2.179","0.00%"
"06/07/2013","2.179","2.179","2.179","2.179","4.81%"
"06/06/2013","2.079","2.079","2.079","2.079","-0.57%"
"06/05/2013","2.091","2.091","2.091","2.091","-2.74%"
"06/04/2013","2.150","2.150","2.150","2.150","1.03%"
"06/03/2013","2.128","2.128","2.128","2.128","-0.17%"
"06/01/2013","2.132","2.132","2.132","2.132","0.00%"
"05/31/2013","2.132","2.132","2.132","2.132","0.61%"
"05/30/2013","2.119","2.119","2.119","2.119","0.00%"
"05/29/2013","2.119","2.119","2.119","2.119","-2.22%"
"05/28/2013","2.167","2.167","2.167","2.167","7.77%"
"05/25/2013","2.011","2.011","2.011","2.011","0.00%"
"05/24/2013","2.011","2.011","2.011","2.011","-0.25%"
"05/23/2013","2.016","2.016","2.016","2.016","-1.03%"
"05/22/2013","2.037","2.037","2.037","2.037","5.54%"
"05/21/2013","1.930","1.930","1.930","1.930","-1.78%"
"05/20/2013","1.965","1.965","1.965","1.965","0.56%"
"05/18/2013","1.954","1.954","1.954","1.954","0.00%"
"05/17/2013","1.954","1.954","1.954","1.954","3.99%"
"05/16/2013","1.879","1.879","1.879","1.879","-3.14%"
"05/15/2013","1.940","1.940","1.940","1.940","-2.12%"
"05/14/2013","1.982","1.982","1.982","1.982","3.39%"
"05/13/2013","1.917","1.917","1.917","1.917","0.90%"
"05/11/2013","1.900","1.900","1.900","1.900","0.00%"
"05/10/2013","1.900","1.900","1.900","1.900","4.80%"
"05/09/2013","1.813","1.813","1.813","1.813","2.60%"
"05/08/2013","1.767","1.767","1.767","1.767","-0.73%"
"05/07/2013","1.780","1.780","1.780","1.780","0.91%"
"05/06/2013","1.764","1.764","1.764","1.764","1.38%"
"05/03/2013","1.740","1.740","1.740","1.740","7.14%"
"05/02/2013","1.624","1.624","1.624","1.624","-0.49%"
"05/01/2013","1.632","1.632","1.632","1.632","-2.45%"
"04/30/2013","1.673","1.673","1.673","1.673","0.36%"
"04/29/2013","1.667","1.667","1.667","1.667","0.12%"
"04/26/2013","1.665","1.665","1.665","1.665","-2.63%"
"04/25/2013","1.710","1.710","1.710","1.710","0.41%"
"04/24/2013","1.703","1.703","1.703","1.703","-0.18%"
"04/23/2013","1.706","1.706","1.706","1.706","0.65%"
"04/22/2013","1.695","1.695","1.695","1.695","-0.59%"
"04/19/2013","1.705","1.705","1.705","1.705","1.13%"
"04/18/2013","1.686","1.686","1.686","1.686","-0.71%"
"04/17/2013","1.698","1.698","1.698","1.698","-1.39%"
"04/16/2013","1.722","1.722","1.722","1.722","2.01%"
"04/15/2013","1.688","1.688","1.688","1.688","-1.92%"
"04/12/2013","1.721","1.721","1.721","1.721","-3.91%"
"04/11/2013","1.791","1.791","1.791","1.791","-0.78%"
"04/10/2013","1.805","1.805","1.805","1.805","3.03%"
"04/09/2013","1.752","1.752","1.752","1.752","0.40%"
"04/08/2013","1.745","1.745","1.745","1.745","1.81%"
"04/05/2013","1.714","1.714","1.714","1.714","-2.94%"
"04/04/2013","1.766","1.766","1.766","1.766","-2.75%"
"04/03/2013","1.816","1.816","1.816","1.816","-2.47%"
"04/02/2013","1.862","1.862","1.862","1.862","1.47%"
"04/01/2013","1.835","1.835","1.835","1.835","-0.92%"
"03/28/2013","1.852","1.852","1.852","1.852","0.38%"
"03/27/2013","1.845","1.845","1.845","1.845","-3.45%"
"03/26/2013","1.911","1.911","1.911","1.911","-0.47%"
"03/25/2013","1.920","1.920","1.920","1.920","-0.36%"
"03/22/2013","1.927","1.927","1.927","1.927","0.63%"
"03/21/2013","1.915","1.915","1.915","1.915","-2.20%"
"03/20/2013","1.958","1.958","1.958","1.958","2.84%"
"03/19/2013","1.904","1.904","1.904","1.904","-2.61%"
"03/18/2013","1.955","1.955","1.955","1.955","-1.81%"
"03/15/2013","1.991","1.991","1.991","1.991","-2.26%"
"03/14/2013","2.037","2.037","2.037","2.037","0.69%"
"03/13/2013","2.023","2.023","2.023","2.023","0.20%"
"03/12/2013","2.019","2.019","2.019","2.019","-2.04%"
"03/11/2013","2.061","2.061","2.061","2.061","0.59%"
"03/08/2013","2.049","2.049","2.049","2.049","2.71%"
"03/07/2013","1.995","1.995","1.995","1.995","2.89%"
"03/06/2013","1.939","1.939","1.939","1.939","2.16%"
"03/05/2013","1.898","1.898","1.898","1.898","1.01%"
"03/04/2013","1.879","1.879","1.879","1.879","1.84%"
"03/01/2013","1.845","1.845","1.845","1.845","-1.91%"
"02/28/2013","1.881","1.881","1.881","1.881","-1.00%"
"02/27/2013","1.900","1.900","1.900","1.900","0.74%"
"02/26/2013","1.886","1.886","1.886","1.886","1.13%"
"02/25/2013","1.865","1.865","1.865","1.865","-4.94%"
"02/22/2013","1.962","1.962","1.962","1.962","-0.61%"
"02/21/2013","1.974","1.974","1.974","1.974","-1.79%"
"02/20/2013","2.010","2.010","2.010","2.010","-0.89%"
"02/19/2013","2.028","2.028","2.028","2.028","1.15%"
"02/15/2013","2.005","2.005","2.005","2.005","0.35%"
"02/14/2013","1.998","1.998","1.998","1.998","-1.48%"
"02/13/2013","2.028","2.028","2.028","2.028","2.48%"
"02/12/2013","1.979","1.979","1.979","1.979","0.76%"
"02/11/2013","1.964","1.964","1.964","1.964","0.72%"
"02/08/2013","1.950","1.950","1.950","1.950","-0.46%"
"02/07/2013","1.959","1.959","1.959","1.959","-0.25%"
"02/06/2013","1.964","1.964","1.964","1.964","-2.04%"
"02/05/2013","2.005","2.005","2.005","2.005","2.45%"
"02/04/2013","1.957","1.957","1.957","1.957","-3.36%"
"02/01/2013","2.025","2.025","2.025","2.025","2.02%"
"01/31/2013","1.985","1.985","1.985","1.985","-0.35%"
"01/30/2013","1.992","1.992","1.992","1.992","-0.35%"
"01/29/2013","1.999","1.999","1.999","1.999","1.73%"
"01/28/2013","1.965","1.965","1.965","1.965","0.82%"
"01/25/2013","1.949","1.949","1.949","1.949","5.24%"
"01/24/2013","1.852","1.852","1.852","1.852","1.31%"
"01/23/2013","1.828","1.828","1.828","1.828","-0.81%"
"01/22/2013","1.843","1.843","1.843","1.843","0.16%"
"01/18/2013","1.840","1.840","1.840","1.840","-2.34%"
"01/17/2013","1.884","1.884","1.884","1.884","3.57%"
"01/16/2013","1.819","1.819","1.819","1.819","-0.93%"
"01/15/2013","1.836","1.836","1.836","1.836","-0.65%"
"01/14/2013","1.848","1.848","1.848","1.848","-0.96%"
"01/11/2013","1.866","1.866","1.866","1.866","-1.74%"
"01/10/2013","1.899","1.899","1.899","1.899","2.10%"
"01/09/2013","1.860","1.860","1.860","1.860","-0.21%"
"01/08/2013","1.864","1.864","1.864","1.864","-1.95%"
"01/07/2013","1.901","1.901","1.901","1.901","-0.11%"
"01/04/2013","1.903","1.903","1.903","1.903","-0.42%"
"01/03/2013","1.911","1.911","1.911","1.911","4.14%"
"01/02/2013","1.835","1.835","1.835","1.835","4.50%"
"12/31/2012","1.756","1.756","1.756","1.756","3.23%"
"12/28/2012","1.701","1.701","1.701","1.701","-1.90%"
"12/27/2012","1.734","1.734","1.734","1.734","-0.86%"
"12/26/2012","1.749","1.749","1.749","1.749","-1.52%"
"12/24/2012","1.776","1.776","1.776","1.776","0.34%"
"12/21/2012","1.770","1.770","1.770","1.770","-1.67%"
"12/20/2012","1.800","1.800","1.800","1.800","-0.39%"
"12/19/2012","1.807","1.807","1.807","1.807","-0.77%"
"12/18/2012","1.821","1.821","1.821","1.821","2.71%"
"12/17/2012","1.773","1.773","1.773","1.773","4.05%"
"12/14/2012","1.704","1.704","1.704","1.704","-1.62%"
"12/13/2012","1.732","1.732","1.732","1.732","1.76%"
"12/12/2012","1.702","1.702","1.702","1.702","2.78%"
"12/11/2012","1.656","1.656","1.656","1.656","2.35%"
"12/10/2012","1.618","1.618","1.618","1.618","-0.31%"
"12/07/2012","1.623","1.623","1.623","1.623","2.33%"
"12/06/2012","1.586","1.586","1.586","1.586","-0.31%"
"12/05/2012","1.591","1.591","1.591","1.591","-0.87%"
"12/04/2012","1.605","1.605","1.605","1.605","-1.05%"
"12/03/2012","1.622","1.622","1.622","1.622","0.37%"
"11/30/2012","1.616","1.616","1.616","1.616","-0.25%"
"11/29/2012","1.620","1.620","1.620","1.620","-0.80%"
"11/28/2012","1.633","1.633","1.633","1.633","-0.37%"
"11/27/2012","1.639","1.639","1.639","1.639","-1.62%"
"11/26/2012","1.666","1.666","1.666","1.666","-1.59%"
"11/23/2012","1.693","1.693","1.693","1.693","0.77%"
"11/21/2012","1.680","1.680","1.680","1.680","0.72%"
"11/20/2012","1.668","1.668","1.668","1.668","3.41%"
"11/19/2012","1.613","1.613","1.613","1.613","1.83%"
"11/16/2012","1.584","1.584","1.584","1.584","-0.69%"
"11/15/2012","1.595","1.595","1.595","1.595","0.38%"
"11/14/2012","1.589","1.589","1.589","1.589","-0.38%"
"11/13/2012","1.595","1.595","1.595","1.595","-1.12%"
"11/09/2012","1.613","1.613","1.613","1.613","-0.31%"
"11/08/2012","1.618","1.618","1.618","1.618","-1.58%"
"11/07/2012","1.644","1.644","1.644","1.644","-6.11%"
"11/06/2012","1.751","1.751","1.751","1.751","4.29%"
"11/05/2012","1.679","1.679","1.679","1.679","-2.21%"
"11/02/2012","1.717","1.717","1.717","1.717","-0.75%"
"11/01/2012","1.730","1.730","1.730","1.730","2.13%"
"10/31/2012","1.694","1.694","1.694","1.694","-1.57%"
"10/29/2012","1.721","1.721","1.721","1.721","-1.60%"
"10/26/2012","1.749","1.749","1.749","1.749","-3.48%"
"10/25/2012","1.812","1.812","1.812","1.812","1.00%"
"10/24/2012","1.794","1.794","1.794","1.794","1.87%"
"10/23/2012","1.761","1.761","1.761","1.761","-2.98%"
"10/22/2012","1.815","1.815","1.815","1.815","2.77%"
"10/19/2012","1.766","1.766","1.766","1.766","-3.55%"
"10/18/2012","1.831","1.831","1.831","1.831","0.49%"
"10/17/2012","1.822","1.822","1.822","1.822","5.81%"
"10/16/2012","1.722","1.722","1.722","1.722","3.24%"
"10/15/2012","1.668","1.668","1.668","1.668","0.72%"
"10/12/2012","1.656","1.656","1.656","1.656","-0.72%"
"10/11/2012","1.668","1.668","1.668","1.668","-0.71%"
"10/10/2012","1.680","1.680","1.680","1.680","-1.93%"
"10/09/2012","1.713","1.713","1.713","1.713","-1.10%"
"10/05/2012","1.732","1.732","1.732","1.732","3.53%"
"10/04/2012","1.673","1.673","1.673","1.673","3.53%"
"10/03/2012","1.616","1.616","1.616","1.616","-0.25%"
"10/02/2012","1.620","1.620","1.620","1.620","0.12%"
"10/01/2012","1.618","1.618","1.618","1.618","-0.92%"
"09/28/2012","1.633","1.633","1.633","1.633","-1.39%"
"09/27/2012","1.656","1.656","1.656","1.656","2.92%"
"09/26/2012","1.609","1.609","1.609","1.609","-3.71%"
"09/25/2012","1.671","1.671","1.671","1.671","-2.57%"
"09/24/2012","1.715","1.715","1.715","1.715","-2.22%"
"09/21/2012","1.754","1.754","1.754","1.754","-0.62%"
"09/20/2012","1.765","1.765","1.765","1.765","-0.51%"
"09/19/2012","1.774","1.774","1.774","1.774","-2.10%"
"09/18/2012","1.812","1.812","1.812","1.812","-1.68%"
"09/17/2012","1.843","1.843","1.843","1.843","-1.39%"
"09/14/2012","1.869","1.869","1.869","1.869","8.60%"
"09/13/2012","1.721","1.721","1.721","1.721","-2.10%"
"09/12/2012","1.758","1.758","1.758","1.758","3.41%"
"09/11/2012","1.700","1.700","1.700","1.700","2.78%"
"09/10/2012","1.654","1.654","1.654","1.654","-0.84%"
"09/07/2012","1.668","1.668","1.668","1.668","-0.48%"
"09/06/2012","1.676","1.676","1.676","1.676","5.01%"
"09/05/2012","1.596","1.596","1.596","1.596","1.40%"
"09/04/2012","1.574","1.574","1.574","1.574","1.68%"
"08/31/2012","1.548","1.548","1.548","1.548","-4.91%"
"08/30/2012","1.628","1.628","1.628","1.628","-1.45%"
"08/29/2012","1.652","1.652","1.652","1.652","0.92%"
"08/28/2012","1.637","1.637","1.637","1.637","-0.91%"
"08/27/2012","1.652","1.652","1.652","1.652","-2.07%"
"08/24/2012","1.687","1.687","1.687","1.687","0.72%"
"08/23/2012","1.675","1.675","1.675","1.675","-1.18%"
"08/22/2012","1.695","1.695","1.695","1.695","-5.94%"
"08/21/2012","1.802","1.802","1.802","1.802","-0.44%"
"08/20/2012","1.810","1.810","1.810","1.810","-0.22%"
"08/17/2012","1.814","1.814","1.814","1.814","-1.14%"
"08/16/2012","1.835","1.835","1.835","1.835","0.99%"
"08/15/2012","1.817","1.817","1.817","1.817","4.85%"
"08/14/2012","1.733","1.733","1.733","1.733","4.02%"
"08/13/2012","1.666","1.666","1.666","1.666","0.42%"
"08/10/2012","1.659","1.659","1.659","1.659","-2.12%"
"08/09/2012","1.695","1.695","1.695","1.695","2.67%"
"08/08/2012","1.651","1.651","1.651","1.651","1.41%"
"08/07/2012","1.628","1.628","1.628","1.628","4.03%"
"08/06/2012","1.565","1.565","1.565","1.565","-0.19%"
"08/03/2012","1.568","1.568","1.568","1.568","6.09%"
"08/02/2012","1.478","1.478","1.478","1.478","-3.02%"
"08/01/2012","1.524","1.524","1.524","1.524","3.67%"
"07/31/2012","1.470","1.470","1.470","1.470","-2.00%"
"07/30/2012","1.500","1.500","1.500","1.500","-2.91%"
"07/27/2012","1.545","1.545","1.545","1.545","7.44%"
"07/26/2012","1.438","1.438","1.438","1.438","2.93%"
"07/25/2012","1.397","1.397","1.397","1.397","0.43%"
"07/24/2012","1.391","1.391","1.391","1.391","-3.27%"
"07/23/2012","1.438","1.438","1.438","1.438","-1.37%"
"07/20/2012","1.458","1.458","1.458","1.458","-3.51%"
"07/19/2012","1.511","1.511","1.511","1.511","1.14%"
"07/18/2012","1.494","1.494","1.494","1.494","-0.93%"
"07/17/2012","1.508","1.508","1.508","1.508","2.52%"
"07/16/2012","1.471","1.471","1.471","1.471","-1.34%"
"07/13/2012","1.491","1.491","1.491","1.491","0.88%"
"07/12/2012","1.478","1.478","1.478","1.478","-2.44%"
"07/11/2012","1.515","1.515","1.515","1.515","0.87%"
"07/10/2012","1.502","1.502","1.502","1.502","-0.73%"
"07/09/2012","1.513","1.513","1.513","1.513","-2.32%"
"07/06/2012","1.549","1.549","1.549","1.549","-3.13%"
"07/05/2012","1.599","1.599","1.599","1.599","-1.78%"
"07/03/2012","1.628","1.628","1.628","1.628","2.58%"
"07/02/2012","1.587","1.587","1.587","1.587","-3.41%"
"06/29/2012","1.643","1.643","1.643","1.643","3.72%"
"06/28/2012","1.584","1.584","1.584","1.584","-2.28%"
"06/27/2012","1.621","1.621","1.621","1.621","-0.43%"
"06/26/2012","1.628","1.628","1.628","1.628","1.50%"
"06/25/2012","1.604","1.604","1.604","1.604","-4.30%"
"06/22/2012","1.676","1.676","1.676","1.676","3.46%"
"06/21/2012","1.620","1.620","1.620","1.620","-1.82%"
"06/20/2012","1.650","1.650","1.650","1.650","1.85%"
"06/19/2012","1.620","1.620","1.620","1.620","2.92%"
"06/18/2012","1.574","1.574","1.574","1.574","-0.76%"
"06/15/2012","1.586","1.586","1.586","1.586","-3.41%"
"06/14/2012","1.642","1.642","1.642","1.642","2.69%"
"06/13/2012","1.599","1.599","1.599","1.599","-3.91%"
"06/12/2012","1.664","1.664","1.664","1.664","4.92%"
"06/11/2012","1.586","1.586","1.586","1.586","-2.82%"
"06/08/2012","1.632","1.632","1.632","1.632","-0.73%"
"06/07/2012","1.644","1.644","1.644","1.644","-1.02%"
"06/06/2012","1.661","1.661","1.661","1.661","5.59%"
"06/05/2012","1.573","1.573","1.573","1.573","3.22%"
"06/04/2012","1.524","1.524","1.524","1.524","4.46%"
"06/01/2012","1.459","1.459","1.459","1.459","-6.65%"
"05/31/2012","1.563","1.563","1.563","1.563","-3.46%"
"05/30/2012","1.619","1.619","1.619","1.619","-7.38%"
"05/29/2012","1.748","1.748","1.748","1.748","0.20%"
"05/28/2012","1.745","1.745","1.745","1.745","-0.09%"
"05/25/2012","1.746","1.746","1.746","1.746","-2.08%"
"05/24/2012","1.783","1.783","1.783","1.783","2.89%"
"05/23/2012","1.733","1.733","1.733","1.733","-2.48%"
"05/22/2012","1.777","1.777","1.777","1.777","1.95%"
"05/21/2012","1.743","1.743","1.743","1.743","1.16%"
"05/18/2012","1.723","1.723","1.723","1.723","1.95%"
"05/17/2012","1.690","1.690","1.690","1.690","-3.92%"
"05/16/2012","1.759","1.759","1.759","1.759","-0.62%"
"05/15/2012","1.770","1.770","1.770","1.770","0.06%"
"05/14/2012","1.769","1.769","1.769","1.769","-3.91%"
"05/11/2012","1.841","1.841","1.841","1.841","-1.76%"
"05/10/2012","1.874","1.874","1.874","1.874","2.63%"
"05/09/2012","1.826","1.826","1.826","1.826","-0.87%"
"05/08/2012","1.842","1.842","1.842","1.842","-1.66%"
"05/07/2012","1.873","1.873","1.873","1.873","-0.32%"
"05/04/2012","1.879","1.879","1.879","1.879","-2.79%"
"05/03/2012","1.933","1.933","1.933","1.933","0.26%"
"05/02/2012","1.928","1.928","1.928","1.928","-0.87%"
"05/01/2012","1.945","1.945","1.945","1.945","1.35%"
"04/30/2012","1.919","1.919","1.919","1.919","-0.93%"
"04/27/2012","1.937","1.937","1.937","1.937","-0.51%"
"04/26/2012","1.947","1.947","1.947","1.947","-2.06%"
"04/25/2012","1.988","1.988","1.988","1.988","0.71%"
"04/24/2012","1.974","1.974","1.974","1.974","1.75%"
"04/23/2012","1.940","1.940","1.940","1.940","-0.97%"
"04/20/2012","1.959","1.959","1.959","1.959","-0.46%"
"04/19/2012","1.968","1.968","1.968","1.968","-0.35%"
"04/18/2012","1.975","1.975","1.975","1.975","-1.05%"
"04/17/2012","1.996","1.996","1.996","1.996","0.71%"
"04/16/2012","1.982","1.982","1.982","1.982","-0.35%"
"04/13/2012","1.989","1.989","1.989","1.989","-3.26%"
"04/12/2012","2.056","2.056","2.056","2.056","0.93%"
"04/11/2012","2.037","2.037","2.037","2.037","2.57%"
"04/10/2012","1.986","1.986","1.986","1.986","-2.98%"
"04/09/2012","2.047","2.047","2.047","2.047","0.00%"
"04/06/2012","2.047","2.047","2.047","2.047","-6.10%"
"04/05/2012","2.180","2.180","2.180","2.180","-1.93%"
"04/04/2012","2.223","2.223","2.223","2.223","-3.05%"
"04/03/2012","2.293","2.293","2.293","2.293","5.18%"
"04/02/2012","2.180","2.180","2.180","2.180","-1.54%"
"03/30/2012","2.214","2.214","2.214","2.214","2.55%"
"03/29/2012","2.159","2.159","2.159","2.159","-1.91%"
"03/28/2012","2.201","2.201","2.201","2.201","0.64%"
"03/27/2012","2.187","2.187","2.187","2.187","-2.93%"
"03/26/2012","2.253","2.253","2.253","2.253","0.90%"
"03/23/2012","2.233","2.233","2.233","2.233","-2.15%"
"03/22/2012","2.282","2.282","2.282","2.282","-0.61%"
"03/21/2012","2.296","2.296","2.296","2.296","-2.84%"
"03/20/2012","2.363","2.363","2.363","2.363","-0.51%"
"03/19/2012","2.375","2.375","2.375","2.375","3.35%"
"03/16/2012","2.298","2.298","2.298","2.298","0.83%"
"03/15/2012","2.279","2.279","2.279","2.279","0.22%"
"03/14/2012","2.274","2.274","2.274","2.274","6.96%"
"03/13/2012","2.126","2.126","2.126","2.126","4.37%"
"03/12/2012","2.037","2.037","2.037","2.037","0.34%"
"03/09/2012","2.030","2.030","2.030","2.030","0.69%"
"03/08/2012","2.016","2.016","2.016","2.016","2.23%"
"03/07/2012","1.972","1.972","1.972","1.972","1.13%"
"03/06/2012","1.950","1.950","1.950","1.950","-2.84%"
"03/05/2012","2.007","2.007","2.007","2.007","1.41%"
"03/02/2012","1.979","1.979","1.979","1.979","-2.51%"
"03/01/2012","2.030","2.030","2.030","2.030","2.84%"
"02/29/2012","1.974","1.974","1.974","1.974","1.70%"
"02/28/2012","1.941","1.941","1.941","1.941","0.83%"
"02/27/2012","1.925","1.925","1.925","1.925","-2.63%"
"02/24/2012","1.977","1.977","1.977","1.977","-0.95%"
"02/23/2012","1.996","1.996","1.996","1.996","-0.30%"
"02/22/2012","2.002","2.002","2.002","2.002","-2.86%"
"02/21/2012","2.061","2.061","2.061","2.061","1.14%"
"02/20/2012","2.038","2.038","2.038","2.038","1.89%"
"02/17/2012","2.000","2.000","2.000","2.000","0.81%"
"02/16/2012","1.984","1.984","1.984","1.984","2.64%"
"02/15/2012","1.933","1.933","1.933","1.933","-0.26%"
"02/14/2012","1.938","1.938","1.938","1.938","-2.02%"
"02/13/2012","1.978","1.978","1.978","1.978","-0.30%"
"02/10/2012","1.984","1.984","1.984","1.984","-2.55%"
"02/09/2012","2.036","2.036","2.036","2.036","2.72%"
"02/08/2012","1.982","1.982","1.982","1.982","0.25%"
"02/07/2012","1.977","1.977","1.977","1.977","4.00%"
"02/06/2012","1.901","1.901","1.901","1.901","-1.20%"
"02/03/2012","1.924","1.924","1.924","1.924","5.54%"
"02/02/2012","1.823","1.823","1.823","1.823","-0.38%"
"02/01/2012","1.830","1.830","1.830","1.830","1.95%"
"01/31/2012","1.795","1.795","1.795","1.795","-2.76%"
"01/30/2012","1.846","1.846","1.846","1.846","-2.38%"
"01/27/2012","1.891","1.891","1.891","1.891","-2.53%"
"01/26/2012","1.940","1.940","1.940","1.940","-3.10%"
"01/25/2012","2.002","2.002","2.002","2.002","-2.96%"
"01/24/2012","2.063","2.063","2.063","2.063","0.24%"
"01/23/2012","2.058","2.058","2.058","2.058","1.63%"
"01/20/2012","2.025","2.025","2.025","2.025","2.17%"
"01/19/2012","1.982","1.982","1.982","1.982","4.43%"
"01/18/2012","1.898","1.898","1.898","1.898","2.15%"
"01/17/2012","1.858","1.858","1.858","1.858","-0.11%"
"01/16/2012","1.860","1.860","1.860","1.860","-0.59%"
"01/13/2012","1.871","1.871","1.871","1.871","-2.86%"
"01/12/2012","1.926","1.926","1.926","1.926","1.10%"
"01/11/2012","1.905","1.905","1.905","1.905","-2.95%"
"01/10/2012","1.963","1.963","1.963","1.963","0.36%"
"01/09/2012","1.956","1.956","1.956","1.956","-0.10%"
"01/06/2012","1.958","1.958","1.958","1.958","-1.90%"
"01/05/2012","1.996","1.996","1.996","1.996","0.60%"
"01/04/2012","1.984","1.984","1.984","1.984","1.43%"
"01/03/2012","1.956","1.956","1.956","1.956","4.44%"
"01/02/2012","1.873","1.873","1.873","1.873","-0.17%"
"12/30/2011","1.876","1.876","1.876","1.876","-1.21%"
"12/29/2011","1.899","1.899","1.899","1.899","-1.15%"
"12/28/2011","1.921","1.921","1.921","1.921","-4.05%"
"12/27/2011","2.002","2.002","2.002","2.002","-1.17%"
"12/26/2011","2.026","2.026","2.026","2.026","0.23%"
"12/23/2011","2.021","2.021","2.021","2.021","3.48%"
"12/22/2011","1.953","1.953","1.953","1.953","-0.86%"
"12/21/2011","1.970","1.970","1.970","1.970","2.23%"
"12/20/2011","1.927","1.927","1.927","1.927","6.46%"
"12/19/2011","1.810","1.810","1.810","1.810","-2.22%"